File Name,Dataset,aid,Date,Count,Minimum,Maximum,Range,Mean,Standard Deviation,Variance,Upper Quartile,Upper 1.5 IQR,Median,Lower 1.5 IQR,Lower Quartile
MYD13Q1_006__250m_16_days_NDVI_doy2002185_aid0001,_250m_16_days_NDVI,aid0001,2002-07-04,38436.0,-0.2,0.8525,"(-0.2,0.8525)",0.5353647,0.2015148,0.0406082,0.6599,0.8525,0.593,0.2457,0.4942
MYD13Q1_006__250m_16_days_NDVI_doy2002201_aid0001,_250m_16_days_NDVI,aid0001,2002-07-20,38694.0,-0.2,0.8511,"(-0.2,0.8511)",0.494488,0.1917729,0.0367769,0.6147,0.8511,0.5443,0.1893,0.4445
MYD13Q1_006__250m_16_days_NDVI_doy2002217_aid0001,_250m_16_days_NDVI,aid0001,2002-08-05,38835.0,-0.2,0.8403,"(-0.2,0.8403)",0.4586202,0.1832189,0.0335692,0.57445,0.8279,0.511,0.1431,0.4018
MYD13Q1_006__250m_16_days_NDVI_doy2002233_aid0001,_250m_16_days_NDVI,aid0001,2002-08-21,39563.0,-0.2,0.8885,"(-0.2,0.8885)",0.4622959,0.207682,0.0431318,0.5946,0.867,0.5249,0.1221,0.4056
MYD13Q1_006__250m_16_days_NDVI_doy2002249_aid0001,_250m_16_days_NDVI,aid0001,2002-09-06,39952.0,-0.2,0.8647,"(-0.2,0.8647)",0.4994459,0.2118586,0.0448841,0.6379,0.8647,0.57175,0.1507,0.442975
MYD13Q1_006__250m_16_days_NDVI_doy2002265_aid0001,_250m_16_days_NDVI,aid0001,2002-09-22,40079.0,-0.2,0.876,"(-0.2,0.876)",0.5248227,0.2236586,0.0500232,0.6746,0.876,0.6057,0.1329,0.4579
MYD13Q1_006__250m_16_days_NDVI_doy2002281_aid0001,_250m_16_days_NDVI,aid0001,2002-10-08,38969.0,-0.1994,0.9206,"(-0.1994,0.9206)",0.6161697,0.2501257,0.0625629,0.7841,0.9206,0.7187,0.1847,0.5443
MYD13Q1_006__250m_16_days_NDVI_doy2002297_aid0001,_250m_16_days_NDVI,aid0001,2002-10-24,39061.0,-0.2,0.9167,"(-0.2,0.9167)",0.6226194,0.2490745,0.0620381,0.7901,0.9167,0.7248,0.194,0.5516
MYD13Q1_006__250m_16_days_NDVI_doy2002313_aid0001,_250m_16_days_NDVI,aid0001,2002-11-09,39999.0,-0.2,0.8868,"(-0.2,0.8868)",0.5865126,0.2633616,0.0693593,0.76565,0.8868,0.6962,0.1284,0.51075
MYD13Q1_006__250m_16_days_NDVI_doy2002329_aid0001,_250m_16_days_NDVI,aid0001,2002-11-25,40001.0,-0.2,0.9427,"(-0.2,0.9427)",0.6158089,0.2622121,0.0687552,0.7811,0.9427,0.729,0.2604,0.5727
MYD13Q1_006__250m_16_days_NDVI_doy2002345_aid0001,_250m_16_days_NDVI,aid0001,2002-12-11,38728.0,-0.2,0.8921,"(-0.2,0.8921)",0.61488,0.2229941,0.0497264,0.7548,0.8921,0.6966,0.2993,0.5726
MYD13Q1_006__250m_16_days_NDVI_doy2002361_aid0001,_250m_16_days_NDVI,aid0001,2002-12-27,39265.0,-0.2,0.9233,"(-0.2,0.9233)",0.6220573,0.2221058,0.049331,0.7609,0.9233,0.7023,0.3164,0.5831
MYD13Q1_006__250m_16_days_NDVI_doy2003009_aid0001,_250m_16_days_NDVI,aid0001,2003-01-09,40330.0,-0.2,0.9233,"(-0.2,0.9233)",0.5907412,0.2571762,0.0661396,0.7552,0.9233,0.689,0.2313,0.5456
MYD13Q1_006__250m_16_days_NDVI_doy2003025_aid0001,_250m_16_days_NDVI,aid0001,2003-01-25,42556.0,-0.2,0.9598,"(-0.2,0.9598)",0.4996471,0.2967125,0.0880383,0.7115,0.9598,0.6232,-0.0797,0.3949
MYD13Q1_006__250m_16_days_NDVI_doy2003041_aid0001,_250m_16_days_NDVI,aid0001,2003-02-10,38125.0,-0.2,0.9814,"(-0.2,0.9814)",0.5628644,0.225075,0.0506588,0.7095,0.9814,0.6422,0.21,0.5097
MYD13Q1_006__250m_16_days_NDVI_doy2003057_aid0001,_250m_16_days_NDVI,aid0001,2003-02-26,37763.0,-0.2,0.9039,"(-0.2,0.9039)",0.5765018,0.2251537,0.0506942,0.7286,0.9039,0.6564,0.1874,0.5121
MYD13Q1_006__250m_16_days_NDVI_doy2003073_aid0001,_250m_16_days_NDVI,aid0001,2003-03-14,37985.0,-0.2,0.8935,"(-0.2,0.8935)",0.4894531,0.2413071,0.0582291,0.6662,0.8935,0.567,-0.0243,0.39
MYD13Q1_006__250m_16_days_NDVI_doy2003089_aid0001,_250m_16_days_NDVI,aid0001,2003-03-30,37773.0,-0.2,0.8833,"(-0.2,0.8833)",0.4989227,0.2369403,0.0561407,0.6742,0.8833,0.5758,-0.0323,0.3916
MYD13Q1_006__250m_16_days_NDVI_doy2003105_aid0001,_250m_16_days_NDVI,aid0001,2003-04-15,40045.0,-0.2,0.8763,"(-0.2,0.8763)",0.4651681,0.2698537,0.072821,0.6713,0.8763,0.5647,-0.1887,0.3273
MYD13Q1_006__250m_16_days_NDVI_doy2003121_aid0001,_250m_16_days_NDVI,aid0001,2003-05-01,41103.0,-0.2,0.8793,"(-0.2,0.8793)",0.4650932,0.291656,0.0850632,0.6817,0.8793,0.5799,-0.2,0.32735
MYD13Q1_006__250m_16_days_NDVI_doy2003137_aid0001,_250m_16_days_NDVI,aid0001,2003-05-17,39488.0,-0.2,0.8768,"(-0.2,0.8768)",0.5292197,0.2702326,0.0730256,0.7162,0.8768,0.6352,0.0412,0.446175
MYD13Q1_006__250m_16_days_NDVI_doy2003153_aid0001,_250m_16_days_NDVI,aid0001,2003-06-02,38476.0,-0.2,0.8663,"(-0.2,0.8663)",0.4768303,0.2398087,0.0575082,0.6445,0.8663,0.5529,0.006,0.3891
MYD13Q1_006__250m_16_days_NDVI_doy2003169_aid0001,_250m_16_days_NDVI,aid0001,2003-06-18,43693.0,-0.2,0.8348,"(-0.2,0.8348)",0.4073763,0.2495213,0.0622609,0.5997,0.8348,0.4849,-0.2,0.2662
MYD13Q1_006__250m_16_days_NDVI_doy2003185_aid0001,_250m_16_days_NDVI,aid0001,2003-07-04,40924.0,-0.1998,0.8728,"(-0.1998,0.8728)",0.4180357,0.2329196,0.0542515,0.6001,0.8728,0.4813,-0.1998,0.279
MYD13Q1_006__250m_16_days_NDVI_doy2003201_aid0001,_250m_16_days_NDVI,aid0001,2003-07-20,39761.0,-0.2,0.8269,"(-0.2,0.8269)",0.352503,0.1891272,0.0357691,0.4912,0.8269,0.3884,-0.1059,0.2523
MYD13Q1_006__250m_16_days_NDVI_doy2003217_aid0001,_250m_16_days_NDVI,aid0001,2003-08-05,40026.0,-0.1998,0.8235,"(-0.1998,0.8235)",0.3392682,0.1882746,0.0354473,0.4815,0.8235,0.3753,-0.1319,0.236125
MYD13Q1_006__250m_16_days_NDVI_doy2003233_aid0001,_250m_16_days_NDVI,aid0001,2003-08-21,40677.0,-0.2,0.7915,"(-0.2,0.7915)",0.3447498,0.1789577,0.0320259,0.4787,0.7915,0.3782,-0.1008,0.2469
MYD13Q1_006__250m_16_days_NDVI_doy2003249_aid0001,_250m_16_days_NDVI,aid0001,2003-09-06,41393.0,-0.1997,0.7939,"(-0.1997,0.7939)",0.3671026,0.1793914,0.0321813,0.4978,0.7939,0.4034,-0.0611,0.2741
MYD13Q1_006__250m_16_days_NDVI_doy2003265_aid0001,_250m_16_days_NDVI,aid0001,2003-09-22,41004.0,-0.2,0.8575,"(-0.2,0.8575)",0.4457045,0.2094412,0.0438656,0.5978,0.8575,0.5009,-0.0387,0.3432
MYD13Q1_006__250m_16_days_NDVI_doy2003281_aid0001,_250m_16_days_NDVI,aid0001,2003-10-08,40281.0,-0.1997,0.8831,"(-0.1997,0.8831)",0.5049132,0.2226084,0.0495545,0.6579,0.8831,0.5744,0.0857,0.429
MYD13Q1_006__250m_16_days_NDVI_doy2003297_aid0001,_250m_16_days_NDVI,aid0001,2003-10-24,40217.0,-0.1997,0.8862,"(-0.1997,0.8862)",0.5544144,0.2404186,0.0578011,0.7168,0.8862,0.6429,0.1313,0.4826
MYD13Q1_006__250m_16_days_NDVI_doy2003313_aid0001,_250m_16_days_NDVI,aid0001,2003-11-09,40578.0,-0.1998,0.8807,"(-0.1998,0.8807)",0.5769442,0.2361915,0.0557864,0.7376,0.8807,0.6677,0.1456,0.5008
MYD13Q1_006__250m_16_days_NDVI_doy2003329_aid0001,_250m_16_days_NDVI,aid0001,2003-11-25,40035.0,-0.2,0.9055,"(-0.2,0.9055)",0.5972864,0.2467811,0.0609009,0.7662,0.9055,0.695,0.1419,0.51645
MYD13Q1_006__250m_16_days_NDVI_doy2003345_aid0001,_250m_16_days_NDVI,aid0001,2003-12-11,40766.0,-0.2,0.8873,"(-0.2,0.8873)",0.5587887,0.2496039,0.0623021,0.7316,0.8873,0.6524,0.0779,0.4701
MYD13Q1_006__250m_16_days_NDVI_doy2003361_aid0001,_250m_16_days_NDVI,aid0001,2003-12-27,39000.0,-0.2,0.968,"(-0.2,0.968)",0.5847528,0.247053,0.0610352,0.7541,0.968,0.6762,0.1311,0.5049
MYD13Q1_006__250m_16_days_NDVI_doy2004009_aid0001,_250m_16_days_NDVI,aid0001,2004-01-09,38896.0,-0.2,0.9222,"(-0.2,0.9222)",0.5862166,0.2417987,0.0584666,0.7515,0.9222,0.6733,0.1433,0.5081
MYD13Q1_006__250m_16_days_NDVI_doy2004025_aid0001,_250m_16_days_NDVI,aid0001,2004-01-25,38963.0,-0.2,0.9115,"(-0.2,0.9115)",0.6022278,0.2385854,0.056923,0.7587,0.9115,0.6852,0.2222,0.5441
MYD13Q1_006__250m_16_days_NDVI_doy2004041_aid0001,_250m_16_days_NDVI,aid0001,2004-02-10,39933.0,-0.2,0.9435,"(-0.2,0.9435)",0.5759684,0.25307,0.0640444,0.7461,0.9435,0.6679,0.1555,0.5098
MYD13Q1_006__250m_16_days_NDVI_doy2004057_aid0001,_250m_16_days_NDVI,aid0001,2004-02-26,43640.0,-0.2,0.8881,"(-0.2,0.8881)",0.4859342,0.2813249,0.0791437,0.6956,0.8881,0.5974,-0.1734,0.347975
MYD13Q1_006__250m_16_days_NDVI_doy2004073_aid0001,_250m_16_days_NDVI,aid0001,2004-03-13,41011.0,-0.1998,0.9718,"(-0.1998,0.9718)",0.5290263,0.2299431,0.0528738,0.6947,0.9718,0.6108,0.045,0.4348
MYD13Q1_006__250m_16_days_NDVI_doy2004089_aid0001,_250m_16_days_NDVI,aid0001,2004-03-29,42873.0,-0.2,0.8189,"(-0.2,0.8189)",0.4700811,0.2432468,0.059169,0.6447,0.8189,0.5598,-0.0373,0.3719
MYD13Q1_006__250m_16_days_NDVI_doy2004105_aid0001,_250m_16_days_NDVI,aid0001,2004-04-14,41504.0,-0.2,0.8574,"(-0.2,0.8574)",0.5196798,0.2542015,0.0646184,0.707125,0.8574,0.61515,-0.0435,0.406875
MYD13Q1_006__250m_16_days_NDVI_doy2004121_aid0001,_250m_16_days_NDVI,aid0001,2004-04-30,39983.0,-0.1998,0.8777,"(-0.1998,0.8777)",0.5182236,0.2419513,0.0585404,0.6942,0.8777,0.6074,-0.0048,0.4146
MYD13Q1_006__250m_16_days_NDVI_doy2004137_aid0001,_250m_16_days_NDVI,aid0001,2004-05-16,39302.0,-0.2,0.8659,"(-0.2,0.8659)",0.4448105,0.2136716,0.0456556,0.5973,0.8659,0.5065,-0.0169,0.3516
MYD13Q1_006__250m_16_days_NDVI_doy2004153_aid0001,_250m_16_days_NDVI,aid0001,2004-06-01,37631.0,-0.2,0.8407,"(-0.2,0.8407)",0.3999768,0.2148285,0.0461513,0.5581,0.8407,0.4579,-0.1084,0.2915
MYD13Q1_006__250m_16_days_NDVI_doy2004169_aid0001,_250m_16_days_NDVI,aid0001,2004-06-17,36899.0,-0.1997,0.8607,"(-0.1997,0.8607)",0.3734214,0.2245993,0.0504448,0.5463,0.8607,0.4319,-0.1997,0.2415
MYD13Q1_006__250m_16_days_NDVI_doy2004185_aid0001,_250m_16_days_NDVI,aid0001,2004-07-03,37297.0,-0.2,0.845,"(-0.2,0.845)",0.4101294,0.2019579,0.040787,0.5569,0.845,0.4679,-0.0301,0.322
MYD13Q1_006__250m_16_days_NDVI_doy2004201_aid0001,_250m_16_days_NDVI,aid0001,2004-07-19,36875.0,-0.2,0.8086,"(-0.2,0.8086)",0.3547452,0.1876772,0.0352227,0.4893,0.8086,0.4043,-0.0668,0.26685
MYD13Q1_006__250m_16_days_NDVI_doy2004217_aid0001,_250m_16_days_NDVI,aid0001,2004-08-04,35849.0,-0.2,0.9883,"(-0.2,0.9883)",0.34705,0.2011159,0.0404476,0.4949,0.8333,0.4018,-0.1353,0.2428
MYD13Q1_006__250m_16_days_NDVI_doy2004233_aid0001,_250m_16_days_NDVI,aid0001,2004-08-20,38799.0,-0.2,0.8589,"(-0.2,0.8589)",0.3644859,0.1967692,0.0387181,0.5043,0.8425,0.417,-0.0617,0.2779
MYD13Q1_006__250m_16_days_NDVI_doy2004249_aid0001,_250m_16_days_NDVI,aid0001,2004-09-05,40402.0,-0.2,0.8145,"(-0.2,0.8145)",0.4011786,0.1996398,0.0398561,0.5474,0.8145,0.4512,-0.0687,0.300925
MYD13Q1_006__250m_16_days_NDVI_doy2004265_aid0001,_250m_16_days_NDVI,aid0001,2004-09-21,41929.0,-0.2,0.834,"(-0.2,0.834)",0.4046374,0.1923334,0.0369921,0.5472,0.834,0.4441,-0.0677,0.3011
MYD13Q1_006__250m_16_days_NDVI_doy2004281_aid0001,_250m_16_days_NDVI,aid0001,2004-10-07,41416.0,-0.2,0.855,"(-0.2,0.855)",0.4373559,0.1906543,0.0363491,0.5743,0.855,0.482,-0.0142,0.3389
MYD13Q1_006__250m_16_days_NDVI_doy2004297_aid0001,_250m_16_days_NDVI,aid0001,2004-10-23,40435.0,-0.1996,0.8638,"(-0.1996,0.8638)",0.4960172,0.2068228,0.0427757,0.64,0.8638,0.5557,0.0693,0.4117
MYD13Q1_006__250m_16_days_NDVI_doy2004313_aid0001,_250m_16_days_NDVI,aid0001,2004-11-08,37732.0,-0.2,0.8876,"(-0.2,0.8876)",0.4970941,0.2381437,0.0567124,0.6691,0.8876,0.5725,-0.0324,0.3885
MYD13Q1_006__250m_16_days_NDVI_doy2004329_aid0001,_250m_16_days_NDVI,aid0001,2004-11-24,38490.0,-0.2,0.9076,"(-0.2,0.9076)",0.5595136,0.2220706,0.0493153,0.7093,0.9076,0.6296,0.1633,0.4909
MYD13Q1_006__250m_16_days_NDVI_doy2004345_aid0001,_250m_16_days_NDVI,aid0001,2004-12-10,39123.0,-0.2,0.9333,"(-0.2,0.9333)",0.5875603,0.2294562,0.0526502,0.7411,0.9333,0.6607,0.1972,0.5235
MYD13Q1_006__250m_16_days_NDVI_doy2004361_aid0001,_250m_16_days_NDVI,aid0001,2004-12-26,39607.0,-0.2,0.9897,"(-0.2,0.9897)",0.6395512,0.2085135,0.0434779,0.7695,0.9897,0.7043,0.3369,0.5964
MYD13Q1_006__250m_16_days_NDVI_doy2005009_aid0001,_250m_16_days_NDVI,aid0001,2005-01-09,38675.0,-0.2,0.9537,"(-0.2,0.9537)",0.6127881,0.2252528,0.0507388,0.7597,0.9537,0.6862,0.2618,0.5605
MYD13Q1_006__250m_16_days_NDVI_doy2005025_aid0001,_250m_16_days_NDVI,aid0001,2005-01-25,38579.0,-0.2,0.8961,"(-0.2,0.8961)",0.5624622,0.231179,0.0534437,0.7169,0.8961,0.6381,0.1703,0.49825
MYD13Q1_006__250m_16_days_NDVI_doy2005041_aid0001,_250m_16_days_NDVI,aid0001,2005-02-10,38440.0,-0.2,0.8899,"(-0.2,0.8899)",0.6116794,0.2079548,0.0432452,0.7446,0.8899,0.68255,0.2959,0.565075
MYD13Q1_006__250m_16_days_NDVI_doy2005057_aid0001,_250m_16_days_NDVI,aid0001,2005-02-26,38585.0,-0.2,0.8854,"(-0.2,0.8854)",0.5896622,0.2265005,0.0513025,0.7407,0.8854,0.6701,0.2137,0.5299
MYD13Q1_006__250m_16_days_NDVI_doy2005073_aid0001,_250m_16_days_NDVI,aid0001,2005-03-14,39247.0,-0.2,0.9785,"(-0.2,0.9785)",0.5622147,0.2477191,0.0613648,0.7266,0.9785,0.6534,0.1594,0.4997
MYD13Q1_006__250m_16_days_NDVI_doy2005089_aid0001,_250m_16_days_NDVI,aid0001,2005-03-30,41107.0,-0.2,0.8948,"(-0.2,0.8948)",0.5118811,0.269722,0.0727499,0.7026,0.8948,0.6161,-0.0177,0.41445
MYD13Q1_006__250m_16_days_NDVI_doy2005105_aid0001,_250m_16_days_NDVI,aid0001,2005-04-15,37801.0,-0.2,0.8982,"(-0.2,0.8982)",0.5268934,0.2397432,0.0574768,0.6998,0.8982,0.6105,0.0256,0.4301
MYD13Q1_006__250m_16_days_NDVI_doy2005121_aid0001,_250m_16_days_NDVI,aid0001,2005-05-01,38946.0,-0.2,0.881,"(-0.2,0.881)",0.5070535,0.2374145,0.0563657,0.6745,0.881,0.5966,0.0456,0.4229
MYD13Q1_006__250m_16_days_NDVI_doy2005137_aid0001,_250m_16_days_NDVI,aid0001,2005-05-17,38002.0,-0.2,0.8507,"(-0.2,0.8507)",0.5212677,0.2247627,0.0505183,0.6787,0.8507,0.6006,0.0825,0.4402
MYD13Q1_006__250m_16_days_NDVI_doy2005153_aid0001,_250m_16_days_NDVI,aid0001,2005-06-02,43154.0,-0.2,0.9088,"(-0.2,0.9088)",0.4371446,0.2659254,0.0707163,0.642,0.9088,0.5482,-0.2,0.2558
MYD13Q1_006__250m_16_days_NDVI_doy2005169_aid0001,_250m_16_days_NDVI,aid0001,2005-06-18,40559.0,-0.2,0.847,"(-0.2,0.847)",0.4382163,0.2338184,0.0546711,0.6129,0.847,0.5193,-0.1396,0.3119
MYD13Q1_006__250m_16_days_NDVI_doy2005185_aid0001,_250m_16_days_NDVI,aid0001,2005-07-04,37203.0,-0.2,0.8419,"(-0.2,0.8419)",0.488716,0.216991,0.0470851,0.6421,0.8419,0.5612,0.0464,0.4038
MYD13Q1_006__250m_16_days_NDVI_doy2005201_aid0001,_250m_16_days_NDVI,aid0001,2005-07-20,39078.0,-0.2,0.8286,"(-0.2,0.8286)",0.484714,0.1981661,0.0392698,0.620675,0.8286,0.5529,0.1075,0.4153
MYD13Q1_006__250m_16_days_NDVI_doy2005217_aid0001,_250m_16_days_NDVI,aid0001,2005-08-05,40135.0,-0.2,0.8906,"(-0.2,0.8906)",0.4513138,0.2132054,0.0454565,0.6078,0.8906,0.5228,-0.0189,0.3571
MYD13Q1_006__250m_16_days_NDVI_doy2005233_aid0001,_250m_16_days_NDVI,aid0001,2005-08-21,43115.0,-0.1997,0.807,"(-0.1997,0.807)",0.444272,0.1973495,0.0389468,0.5917,0.807,0.5106,-0.015,0.349
MYD13Q1_006__250m_16_days_NDVI_doy2005249_aid0001,_250m_16_days_NDVI,aid0001,2005-09-06,41540.0,-0.2,0.8693,"(-0.2,0.8693)",0.4554789,0.2023473,0.0409444,0.6053,0.8693,0.5188,-0.0287,0.3517
MYD13Q1_006__250m_16_days_NDVI_doy2005265_aid0001,_250m_16_days_NDVI,aid0001,2005-09-22,39675.0,-0.2,0.8117,"(-0.2,0.8117)",0.4699936,0.1985109,0.0394066,0.6072,0.8117,0.5328,0.075,0.3943
MYD13Q1_006__250m_16_days_NDVI_doy2005281_aid0001,_250m_16_days_NDVI,aid0001,2005-10-08,39138.0,-0.2,0.8357,"(-0.2,0.8357)",0.506103,0.2021104,0.0408486,0.6393,0.8357,0.57215,0.1473,0.4424
MYD13Q1_006__250m_16_days_NDVI_doy2005297_aid0001,_250m_16_days_NDVI,aid0001,2005-10-24,37771.0,-0.2,0.8881,"(-0.2,0.8881)",0.5230269,0.2208468,0.0487733,0.6691,0.8881,0.5993,0.1133,0.4467
MYD13Q1_006__250m_16_days_NDVI_doy2005313_aid0001,_250m_16_days_NDVI,aid0001,2005-11-09,38106.0,-0.2,0.9002,"(-0.2,0.9002)",0.5611741,0.2147758,0.0461287,0.6947,0.9002,0.6333,0.2362,0.5112
MYD13Q1_006__250m_16_days_NDVI_doy2005329_aid0001,_250m_16_days_NDVI,aid0001,2005-11-25,39298.0,-0.2,0.9216,"(-0.2,0.9216)",0.5884885,0.2399403,0.0575713,0.7469,0.9216,0.6743,0.1954,0.5262
MYD13Q1_006__250m_16_days_NDVI_doy2005345_aid0001,_250m_16_days_NDVI,aid0001,2005-12-11,38827.0,-0.2,0.9041,"(-0.2,0.9041)",0.5872239,0.2147179,0.0461038,0.7239,0.9041,0.6562,0.2588,0.5378
MYD13Q1_006__250m_16_days_NDVI_doy2005361_aid0001,_250m_16_days_NDVI,aid0001,2005-12-27,40023.0,-0.1998,0.921,"(-0.1998,0.921)",0.5976907,0.2305268,0.0531426,0.7429,0.921,0.68,0.2705,0.55385
MYD13Q1_006__250m_16_days_NDVI_doy2006009_aid0001,_250m_16_days_NDVI,aid0001,2006-01-09,40002.0,-0.2,0.9341,"(-0.2,0.9341)",0.5796952,0.2536259,0.0643261,0.7496,0.9341,0.6784,0.145,0.5077
MYD13Q1_006__250m_16_days_NDVI_doy2006025_aid0001,_250m_16_days_NDVI,aid0001,2006-01-25,39565.0,-0.2,0.8835,"(-0.2,0.8835)",0.5837254,0.237416,0.0563664,0.7386,0.8835,0.6737,0.2044,0.5249
MYD13Q1_006__250m_16_days_NDVI_doy2006041_aid0001,_250m_16_days_NDVI,aid0001,2006-02-10,39907.0,-0.2,0.883,"(-0.2,0.883)",0.5825126,0.2354216,0.0554234,0.7336,0.883,0.6764,0.22,0.5281
MYD13Q1_006__250m_16_days_NDVI_doy2006057_aid0001,_250m_16_days_NDVI,aid0001,2006-02-26,39418.0,-0.2,0.8982,"(-0.2,0.8982)",0.5663446,0.2378599,0.0565774,0.7231,0.8982,0.6653,0.1645,0.4996
MYD13Q1_006__250m_16_days_NDVI_doy2006073_aid0001,_250m_16_days_NDVI,aid0001,2006-03-14,39079.0,-0.2,0.9748,"(-0.2,0.9748)",0.5667656,0.2422503,0.0586852,0.7244,0.9748,0.668,0.1772,0.5055
MYD13Q1_006__250m_16_days_NDVI_doy2006089_aid0001,_250m_16_days_NDVI,aid0001,2006-03-30,38653.0,-0.2,0.8944,"(-0.2,0.8944)",0.5711573,0.2319485,0.0538001,0.7183,0.8944,0.6658,0.2293,0.5227
MYD13Q1_006__250m_16_days_NDVI_doy2006105_aid0001,_250m_16_days_NDVI,aid0001,2006-04-15,38562.0,-0.1998,0.8752,"(-0.1998,0.8752)",0.5778723,0.216919,0.0470539,0.7092,0.8752,0.6632,0.3052,0.5476
MYD13Q1_006__250m_16_days_NDVI_doy2006121_aid0001,_250m_16_days_NDVI,aid0001,2006-05-01,38530.0,-0.2,0.846,"(-0.2,0.846)",0.5508225,0.206918,0.0428151,0.6752,0.846,0.6283,0.2851,0.519125
MYD13Q1_006__250m_16_days_NDVI_doy2006137_aid0001,_250m_16_days_NDVI,aid0001,2006-05-17,39484.0,-0.2,0.8789,"(-0.2,0.8789)",0.5101768,0.208462,0.0434564,0.6407,0.8789,0.5858,0.2107,0.4687
MYD13Q1_006__250m_16_days_NDVI_doy2006153_aid0001,_250m_16_days_NDVI,aid0001,2006-06-02,39973.0,-0.2,0.9045,"(-0.2,0.9045)",0.4648136,0.2064178,0.0426083,0.6018,0.8605,0.5401,0.1026,0.4021
MYD13Q1_006__250m_16_days_NDVI_doy2006169_aid0001,_250m_16_days_NDVI,aid0001,2006-06-18,39925.0,-0.2,0.8695,"(-0.2,0.8695)",0.4546868,0.1956042,0.038261,0.5816,0.8139,0.5181,0.1421,0.4058
MYD13Q1_006__250m_16_days_NDVI_doy2006185_aid0001,_250m_16_days_NDVI,aid0001,2006-07-04,40219.0,-0.2,0.8386,"(-0.2,0.8386)",0.4856936,0.2030708,0.0412378,0.6203,0.8386,0.5549,0.1452,0.43025
MYD13Q1_006__250m_16_days_NDVI_doy2006201_aid0001,_250m_16_days_NDVI,aid0001,2006-07-20,40741.0,-0.2,0.8647,"(-0.2,0.8647)",0.4195747,0.1914029,0.0366351,0.5483,0.8341,0.4751,0.0718,0.3577
MYD13Q1_006__250m_16_days_NDVI_doy2006217_aid0001,_250m_16_days_NDVI,aid0001,2006-08-05,40639.0,-0.2,0.8202,"(-0.2,0.8202)",0.3900147,0.1723654,0.0297098,0.5035,0.7527,0.4369,0.0806,0.3343
MYD13Q1_006__250m_16_days_NDVI_doy2006233_aid0001,_250m_16_days_NDVI,aid0001,2006-08-21,40730.0,-0.2,0.83,"(-0.2,0.83)",0.3757568,0.1667458,0.0278041,0.4825,0.7256,0.4179,0.0763,0.32
MYD13Q1_006__250m_16_days_NDVI_doy2006249_aid0001,_250m_16_days_NDVI,aid0001,2006-09-06,41605.0,-0.1998,0.8189,"(-0.1998,0.8189)",0.3752775,0.1654128,0.0273614,0.4805,0.7315,0.4111,0.0613,0.3127
MYD13Q1_006__250m_16_days_NDVI_doy2006265_aid0001,_250m_16_days_NDVI,aid0001,2006-09-22,40798.0,-0.1995,0.8498,"(-0.1995,0.8498)",0.4158715,0.1777815,0.0316063,0.531575,0.8007,0.46175,0.0827,0.352025
MYD13Q1_006__250m_16_days_NDVI_doy2006281_aid0001,_250m_16_days_NDVI,aid0001,2006-10-08,39365.0,-0.1997,0.9538,"(-0.1997,0.9538)",0.4913903,0.1938975,0.0375963,0.6121,0.8617,0.5454,0.1841,0.4409
MYD13Q1_006__250m_16_days_NDVI_doy2006297_aid0001,_250m_16_days_NDVI,aid0001,2006-10-24,41135.0,-0.2,0.8815,"(-0.2,0.8815)",0.4909168,0.2202939,0.0485294,0.6337,0.8815,0.5632,0.1252,0.4303
MYD13Q1_006__250m_16_days_NDVI_doy2006313_aid0001,_250m_16_days_NDVI,aid0001,2006-11-09,40038.0,-0.2,0.885,"(-0.2,0.885)",0.5510238,0.2018452,0.0407415,0.6752,0.885,0.6075,0.2531,0.5063
MYD13Q1_006__250m_16_days_NDVI_doy2006329_aid0001,_250m_16_days_NDVI,aid0001,2006-11-25,39390.0,-0.1997,0.8855,"(-0.1997,0.8855)",0.585439,0.2107862,0.0444308,0.7135,0.8855,0.6484,0.3028,0.5492
MYD13Q1_006__250m_16_days_NDVI_doy2006345_aid0001,_250m_16_days_NDVI,aid0001,2006-12-11,41903.0,-0.2,0.9822,"(-0.2,0.9822)",0.5908727,0.2670135,0.0712962,0.7698,0.9822,0.7017,0.1382,0.51715
MYD13Q1_006__250m_16_days_NDVI_doy2006361_aid0001,_250m_16_days_NDVI,aid0001,2006-12-27,40626.0,-0.2,0.9288,"(-0.2,0.9288)",0.6300238,0.2494327,0.0622167,0.7836,0.9288,0.7266,0.3171,0.597
MYD13Q1_006__250m_16_days_NDVI_doy2007009_aid0001,_250m_16_days_NDVI,aid0001,2007-01-09,40080.0,-0.2,0.9033,"(-0.2,0.9033)",0.6170328,0.2304029,0.0530855,0.7594,0.9033,0.7059,0.3196,0.5834
MYD13Q1_006__250m_16_days_NDVI_doy2007025_aid0001,_250m_16_days_NDVI,aid0001,2007-01-25,39369.0,-0.2,0.9127,"(-0.2,0.9127)",0.6178097,0.2270752,0.0515632,0.7623,0.9127,0.7002,0.2819,0.5701
MYD13Q1_006__250m_16_days_NDVI_doy2007041_aid0001,_250m_16_days_NDVI,aid0001,2007-02-10,38804.0,-0.2,0.9132,"(-0.2,0.9132)",0.5783505,0.2171786,0.0471665,0.7227,0.9132,0.6515,0.214,0.5192
MYD13Q1_006__250m_16_days_NDVI_doy2007057_aid0001,_250m_16_days_NDVI,aid0001,2007-02-26,38465.0,-0.2,0.9018,"(-0.2,0.9018)",0.495423,0.2293816,0.0526159,0.6666,0.9018,0.5563,-0.0494,0.38
MYD13Q1_006__250m_16_days_NDVI_doy2007073_aid0001,_250m_16_days_NDVI,aid0001,2007-03-14,39639.0,-0.2,0.9247,"(-0.2,0.9247)",0.4584715,0.251298,0.0631507,0.65695,0.9247,0.5265,-0.2,0.3133
MYD13Q1_006__250m_16_days_NDVI_doy2007089_aid0001,_250m_16_days_NDVI,aid0001,2007-03-30,34083.0,-0.2,0.8998,"(-0.2,0.8998)",0.3294825,0.257878,0.0665011,0.538,0.8998,0.3502,-0.2,0.1284
MYD13Q1_006__250m_16_days_NDVI_doy2007105_aid0001,_250m_16_days_NDVI,aid0001,2007-04-15,35744.0,-0.2,0.85,"(-0.2,0.85)",0.4455863,0.2442971,0.0596811,0.632025,0.85,0.5076,-0.1905,0.302975
MYD13Q1_006__250m_16_days_NDVI_doy2007121_aid0001,_250m_16_days_NDVI,aid0001,2007-05-01,40203.0,-0.2,0.8718,"(-0.2,0.8718)",0.4436507,0.2520045,0.0635063,0.6389,0.8718,0.5123,-0.2,0.28925
MYD13Q1_006__250m_16_days_NDVI_doy2007137_aid0001,_250m_16_days_NDVI,aid0001,2007-05-17,36192.0,-0.2,0.8534,"(-0.2,0.8534)",0.4631169,0.2257244,0.0509515,0.6267,0.8534,0.5279,-0.0457,0.3577
MYD13Q1_006__250m_16_days_NDVI_doy2007153_aid0001,_250m_16_days_NDVI,aid0001,2007-06-02,36432.0,-0.2,0.8198,"(-0.2,0.8198)",0.4305693,0.2124621,0.0451402,0.581,0.8198,0.4901,-0.0379,0.3333
MYD13Q1_006__250m_16_days_NDVI_doy2007169_aid0001,_250m_16_days_NDVI,aid0001,2007-06-18,36816.0,-0.2,0.833,"(-0.2,0.833)",0.4696302,0.2036432,0.0414706,0.6092,0.833,0.53,0.0672,0.3924
MYD13Q1_006__250m_16_days_NDVI_doy2007185_aid0001,_250m_16_days_NDVI,aid0001,2007-07-04,37432.0,-0.2,0.844,"(-0.2,0.844)",0.3908032,0.1893907,0.0358688,0.5195,0.8095,0.441,0.0095,0.315475
MYD13Q1_006__250m_16_days_NDVI_doy2007201_aid0001,_250m_16_days_NDVI,aid0001,2007-07-20,37839.0,-0.2,0.8109,"(-0.2,0.8109)",0.3081561,0.1634586,0.0267187,0.4165,0.681,0.341,-0.0256,0.2396
MYD13Q1_006__250m_16_days_NDVI_doy2007217_aid0001,_250m_16_days_NDVI,aid0001,2007-08-05,38500.0,-0.2,0.7891,"(-0.2,0.7891)",0.2806402,0.1586649,0.0251746,0.3871,0.6534,0.3101,-0.0589,0.2087
MYD13Q1_006__250m_16_days_NDVI_doy2007233_aid0001,_250m_16_days_NDVI,aid0001,2007-08-21,39256.0,-0.2,0.8041,"(-0.2,0.8041)",0.2939848,0.1510403,0.0228132,0.3901,0.6303,0.3152,-0.0104,0.2299
MYD13Q1_006__250m_16_days_NDVI_doy2007249_aid0001,_250m_16_days_NDVI,aid0001,2007-09-06,43021.0,-0.2,0.8436,"(-0.2,0.8436)",0.4572167,0.2429986,0.0590483,0.6268,0.8436,0.5378,0.0158,0.3824
MYD13Q1_006__250m_16_days_NDVI_doy2007265_aid0001,_250m_16_days_NDVI,aid0001,2007-09-22,41614.0,-0.2,0.8511,"(-0.2,0.8511)",0.4817988,0.2150613,0.0462514,0.6304,0.8511,0.5418,0.0684,0.4056
MYD13Q1_006__250m_16_days_NDVI_doy2007281_aid0001,_250m_16_days_NDVI,aid0001,2007-10-08,41173.0,-0.2,0.9107,"(-0.2,0.9107)",0.6244223,0.2354029,0.0554145,0.7751,0.9107,0.7104,0.2911,0.5815
MYD13Q1_006__250m_16_days_NDVI_doy2007297_aid0001,_250m_16_days_NDVI,aid0001,2007-10-24,40816.0,-0.2,0.9814,"(-0.2,0.9814)",0.6783255,0.2416904,0.0584142,0.8237,0.9814,0.7767,0.3984,0.6535
MYD13Q1_006__250m_16_days_NDVI_doy2007313_aid0001,_250m_16_days_NDVI,aid0001,2007-11-09,40181.0,-0.2,0.885,"(-0.2,0.885)",0.6524397,0.2136352,0.04564,0.7771,0.885,0.733,0.4196,0.6341
MYD13Q1_006__250m_16_days_NDVI_doy2007329_aid0001,_250m_16_days_NDVI,aid0001,2007-11-25,39970.0,-0.1997,0.8869,"(-0.1997,0.8869)",0.6391702,0.2261883,0.0511611,0.7757,0.8869,0.7252,0.3608,0.6097
MYD13Q1_006__250m_16_days_NDVI_doy2007345_aid0001,_250m_16_days_NDVI,aid0001,2007-12-11,39901.0,-0.1998,0.8958,"(-0.1998,0.8958)",0.6450993,0.209328,0.0438182,0.7661,0.8958,0.7148,0.4146,0.6254
MYD13Q1_006__250m_16_days_NDVI_doy2007361_aid0001,_250m_16_days_NDVI,aid0001,2007-12-27,40858.0,-0.1998,0.902,"(-0.1998,0.902)",0.6426614,0.220081,0.0484356,0.7767,0.902,0.721,0.3592,0.6097
MYD13Q1_006__250m_16_days_NDVI_doy2008009_aid0001,_250m_16_days_NDVI,aid0001,2008-01-09,40243.0,-0.1998,0.8817,"(-0.1998,0.8817)",0.6039736,0.2132516,0.0454763,0.7338,0.8817,0.6767,0.3258,0.5706
MYD13Q1_006__250m_16_days_NDVI_doy2008025_aid0001,_250m_16_days_NDVI,aid0001,2008-01-25,41148.0,-0.2,0.9091,"(-0.2,0.9091)",0.5942258,0.2373063,0.0563143,0.741325,0.9091,0.6832,0.2892,0.560475
MYD13Q1_006__250m_16_days_NDVI_doy2008041_aid0001,_250m_16_days_NDVI,aid0001,2008-02-10,42104.0,-0.2,0.9908,"(-0.2,0.9908)",0.5589325,0.2456912,0.0603642,0.7145,0.9908,0.6504,0.224,0.5182
MYD13Q1_006__250m_16_days_NDVI_doy2008057_aid0001,_250m_16_days_NDVI,aid0001,2008-02-26,42853.0,-0.2,0.8735,"(-0.2,0.8735)",0.5498852,0.2554488,0.0652541,0.7112,0.8735,0.6565,0.2015,0.5073
MYD13Q1_006__250m_16_days_NDVI_doy2008073_aid0001,_250m_16_days_NDVI,aid0001,2008-03-13,40380.0,-0.2,0.8718,"(-0.2,0.8718)",0.5623362,0.2128741,0.0453154,0.691,0.8718,0.6365,0.293,0.5318
MYD13Q1_006__250m_16_days_NDVI_doy2008089_aid0001,_250m_16_days_NDVI,aid0001,2008-03-29,40141.0,-0.1994,0.8478,"(-0.1994,0.8478)",0.5703495,0.2051592,0.0420903,0.698,0.8478,0.6383,0.29,0.5348
MYD13Q1_006__250m_16_days_NDVI_doy2008105_aid0001,_250m_16_days_NDVI,aid0001,2008-04-14,40012.0,-0.1998,0.8222,"(-0.1998,0.8222)",0.4891693,0.191018,0.0364879,0.6044,0.8222,0.5416,0.2224,0.4516
MYD13Q1_006__250m_16_days_NDVI_doy2008121_aid0001,_250m_16_days_NDVI,aid0001,2008-04-30,39194.0,-0.2,0.8967,"(-0.2,0.8967)",0.4489265,0.1732448,0.0300138,0.5546,0.783,0.4885,0.1737,0.4022
MYD13Q1_006__250m_16_days_NDVI_doy2008137_aid0001,_250m_16_days_NDVI,aid0001,2008-05-16,39968.0,-0.2,0.8611,"(-0.2,0.8611)",0.5000669,0.1814489,0.0329237,0.609125,0.8315,0.545,0.2359,0.4598
MYD13Q1_006__250m_16_days_NDVI_doy2008153_aid0001,_250m_16_days_NDVI,aid0001,2008-06-01,39419.0,-0.2,0.834,"(-0.2,0.834)",0.4213338,0.1594575,0.0254267,0.5119,0.7157,0.4437,0.1722,0.376
MYD13Q1_006__250m_16_days_NDVI_doy2008169_aid0001,_250m_16_days_NDVI,aid0001,2008-06-17,39264.0,-0.2,0.8233,"(-0.2,0.8233)",0.3878691,0.1524802,0.0232502,0.4741,0.67,0.4077,0.1476,0.3435
MYD13Q1_006__250m_16_days_NDVI_doy2008185_aid0001,_250m_16_days_NDVI,aid0001,2008-07-03,39606.0,-0.1995,0.7963,"(-0.1995,0.7963)",0.3881833,0.1537052,0.0236253,0.4794,0.6843,0.4081,0.1364,0.3422
MYD13Q1_006__250m_16_days_NDVI_doy2008201_aid0001,_250m_16_days_NDVI,aid0001,2008-07-19,39851.0,-0.1993,0.8244,"(-0.1993,0.8244)",0.4252869,0.1647019,0.0271267,0.5293,0.7608,0.4563,0.1404,0.3737
MYD13Q1_006__250m_16_days_NDVI_doy2008217_aid0001,_250m_16_days_NDVI,aid0001,2008-08-04,39391.0,-0.2,0.8371,"(-0.2,0.8371)",0.4022059,0.1585951,0.0251524,0.4996,0.7254,0.4262,0.1231,0.3489
MYD13Q1_006__250m_16_days_NDVI_doy2008233_aid0001,_250m_16_days_NDVI,aid0001,2008-08-20,38792.0,-0.1997,0.8403,"(-0.1997,0.8403)",0.3932743,0.1589622,0.025269,0.4906,0.7183,0.41735,0.1113,0.3388
MYD13Q1_006__250m_16_days_NDVI_doy2008249_aid0001,_250m_16_days_NDVI,aid0001,2008-09-05,38954.0,-0.2,0.8504,"(-0.2,0.8504)",0.4023311,0.1504489,0.0226349,0.4918,0.7124,0.4183,0.1241,0.3447
MYD13Q1_006__250m_16_days_NDVI_doy2008265_aid0001,_250m_16_days_NDVI,aid0001,2008-09-21,40134.0,-0.2,0.8747,"(-0.2,0.8747)",0.4452749,0.1695423,0.0287446,0.5532,0.8083,0.4703,0.1247,0.3818
MYD13Q1_006__250m_16_days_NDVI_doy2008281_aid0001,_250m_16_days_NDVI,aid0001,2008-10-07,39968.0,-0.1998,0.881,"(-0.1998,0.881)",0.4854342,0.183796,0.033781,0.6048,0.8763,0.5213,0.1471,0.4217
MYD13Q1_006__250m_16_days_NDVI_doy2008297_aid0001,_250m_16_days_NDVI,aid0001,2008-10-23,39775.0,-0.2,0.8861,"(-0.2,0.8861)",0.5452546,0.1836442,0.0337252,0.6631,0.8861,0.5864,0.221,0.4862
MYD13Q1_006__250m_16_days_NDVI_doy2008313_aid0001,_250m_16_days_NDVI,aid0001,2008-11-08,40010.0,-0.1995,0.8994,"(-0.1995,0.8994)",0.5297168,0.197228,0.0388989,0.6589,0.8994,0.5771,0.1808,0.467625
MYD13Q1_006__250m_16_days_NDVI_doy2008329_aid0001,_250m_16_days_NDVI,aid0001,2008-11-24,40383.0,-0.2,0.8962,"(-0.2,0.8962)",0.570538,0.1907408,0.036382,0.6954,0.8962,0.6136,0.2234,0.5066
MYD13Q1_006__250m_16_days_NDVI_doy2008345_aid0001,_250m_16_days_NDVI,aid0001,2008-12-10,41170.0,-0.1997,0.9081,"(-0.1997,0.9081)",0.5668603,0.2040439,0.0416339,0.7004,0.9081,0.6205,0.2104,0.5043
MYD13Q1_006__250m_16_days_NDVI_doy2008361_aid0001,_250m_16_days_NDVI,aid0001,2008-12-26,43387.0,-0.2,0.8884,"(-0.2,0.8884)",0.5365524,0.2238987,0.0501306,0.68585,0.8884,0.6002,0.1506,0.4717
MYD13Q1_006__250m_16_days_NDVI_doy2009009_aid0001,_250m_16_days_NDVI,aid0001,2009-01-09,44294.0,-0.1998,0.8597,"(-0.1998,0.8597)",0.4771178,0.2366177,0.0559879,0.6358,0.8597,0.5461,0.0543,0.4032
MYD13Q1_006__250m_16_days_NDVI_doy2009025_aid0001,_250m_16_days_NDVI,aid0001,2009-01-25,42737.0,-0.2,0.885,"(-0.2,0.885)",0.5704989,0.2497413,0.0623707,0.7342,0.885,0.6583,0.1868,0.5152
MYD13Q1_006__250m_16_days_NDVI_doy2009041_aid0001,_250m_16_days_NDVI,aid0001,2009-02-10,41309.0,-0.2,0.9618,"(-0.2,0.9618)",0.6200031,0.2175412,0.0473242,0.7587,0.9618,0.6937,0.302,0.576
MYD13Q1_006__250m_16_days_NDVI_doy2009057_aid0001,_250m_16_days_NDVI,aid0001,2009-02-26,42329.0,-0.2,0.9781,"(-0.2,0.9781)",0.6261139,0.2597853,0.0674884,0.7867,0.9781,0.7299,0.3152,0.5981
MYD13Q1_006__250m_16_days_NDVI_doy2009073_aid0001,_250m_16_days_NDVI,aid0001,2009-03-14,42251.0,-0.1994,0.8799,"(-0.1994,0.8799)",0.622032,0.2490018,0.0620019,0.7727,0.8799,0.7252,0.3397,0.5995
MYD13Q1_006__250m_16_days_NDVI_doy2009089_aid0001,_250m_16_days_NDVI,aid0001,2009-03-30,43000.0,-0.1998,0.8872,"(-0.1998,0.8872)",0.6066542,0.2634863,0.069425,0.7675,0.8872,0.7222,0.294,0.578
MYD13Q1_006__250m_16_days_NDVI_doy2009105_aid0001,_250m_16_days_NDVI,aid0001,2009-04-15,42013.0,-0.2,0.8845,"(-0.2,0.8845)",0.5943223,0.2342868,0.0548903,0.7335,0.8845,0.6876,0.3195,0.5679
MYD13Q1_006__250m_16_days_NDVI_doy2009121_aid0001,_250m_16_days_NDVI,aid0001,2009-05-01,41485.0,-0.2,0.9127,"(-0.2,0.9127)",0.5841114,0.2068478,0.042786,0.7085,0.9127,0.6602,0.3194,0.5528
MYD13Q1_006__250m_16_days_NDVI_doy2009137_aid0001,_250m_16_days_NDVI,aid0001,2009-05-17,41847.0,-0.2,0.8768,"(-0.2,0.8768)",0.5438556,0.1944929,0.0378275,0.6654,0.8768,0.6053,0.2569,0.502
MYD13Q1_006__250m_16_days_NDVI_doy2009153_aid0001,_250m_16_days_NDVI,aid0001,2009-06-02,41080.0,-0.2,0.8602,"(-0.2,0.8602)",0.4980683,0.1781589,0.0317406,0.6072,0.8355,0.5418,0.2227,0.4534
MYD13Q1_006__250m_16_days_NDVI_doy2009169_aid0001,_250m_16_days_NDVI,aid0001,2009-06-18,40938.0,-0.2,0.8168,"(-0.2,0.8168)",0.3836352,0.1441323,0.0207741,0.4664,0.657,0.4034,0.1488,0.339325
MYD13Q1_006__250m_16_days_NDVI_doy2009185_aid0001,_250m_16_days_NDVI,aid0001,2009-07-04,41011.0,-0.2,0.8382,"(-0.2,0.8382)",0.3573785,0.1448586,0.020984,0.4402,0.629,0.3784,0.1256,0.3143
MYD13Q1_006__250m_16_days_NDVI_doy2009201_aid0001,_250m_16_days_NDVI,aid0001,2009-07-20,37845.0,-0.2,0.8315,"(-0.2,0.8315)",0.3167578,0.1520815,0.0231288,0.4096,0.6299,0.3463,0.0424,0.2627
MYD13Q1_006__250m_16_days_NDVI_doy2009217_aid0001,_250m_16_days_NDVI,aid0001,2009-08-05,38243.0,-0.2,0.8021,"(-0.2,0.8021)",0.303214,0.157998,0.0249634,0.4031,0.6346,0.3418,0.0169,0.2486
MYD13Q1_006__250m_16_days_NDVI_doy2009233_aid0001,_250m_16_days_NDVI,aid0001,2009-08-21,38235.0,-0.2,0.8495,"(-0.2,0.8495)",0.3420529,0.1680296,0.0282339,0.4481,0.6938,0.3823,0.0356,0.2831
MYD13Q1_006__250m_16_days_NDVI_doy2009249_aid0001,_250m_16_days_NDVI,aid0001,2009-09-06,38953.0,-0.2,0.8725,"(-0.2,0.8725)",0.4358611,0.1818293,0.0330619,0.5504,0.8159,0.476,0.1049,0.3722
MYD13Q1_006__250m_16_days_NDVI_doy2009265_aid0001,_250m_16_days_NDVI,aid0001,2009-09-22,38154.0,-0.2,0.8981,"(-0.2,0.8981)",0.4371714,0.2135749,0.0456142,0.5907,0.8981,0.4962,-0.0482,0.335125
MYD13Q1_006__250m_16_days_NDVI_doy2009281_aid0001,_250m_16_days_NDVI,aid0001,2009-10-08,38593.0,-0.2,0.8711,"(-0.2,0.8711)",0.4354322,0.2284895,0.0522075,0.6033,0.8711,0.505,-0.1109,0.3176
MYD13Q1_006__250m_16_days_NDVI_doy2009297_aid0001,_250m_16_days_NDVI,aid0001,2009-10-24,41341.0,-0.2,0.8619,"(-0.2,0.8619)",0.4687134,0.2342471,0.0548717,0.6329,0.8619,0.5429,-0.0127,0.3746
MYD13Q1_006__250m_16_days_NDVI_doy2009313_aid0001,_250m_16_days_NDVI,aid0001,2009-11-09,41040.0,-0.2,0.9579,"(-0.2,0.9579)",0.4934682,0.2393755,0.0573006,0.6663,0.9579,0.563,-0.0397,0.3839
MYD13Q1_006__250m_16_days_NDVI_doy2009329_aid0001,_250m_16_days_NDVI,aid0001,2009-11-25,40814.0,-0.2,0.8879,"(-0.2,0.8879)",0.5737603,0.2168344,0.0470172,0.720875,0.8879,0.642,0.178,0.5037
MYD13Q1_006__250m_16_days_NDVI_doy2009345_aid0001,_250m_16_days_NDVI,aid0001,2009-12-11,40944.0,-0.2,0.9885,"(-0.2,0.9885)",0.5916096,0.2463799,0.0607031,0.757,0.9885,0.6794,0.1805,0.5264
MYD13Q1_006__250m_16_days_NDVI_doy2009361_aid0001,_250m_16_days_NDVI,aid0001,2009-12-27,38986.0,-0.1991,0.9386,"(-0.1991,0.9386)",0.5955296,0.250223,0.0626116,0.7713,0.9386,0.6818,0.1149,0.508725
MYD13Q1_006__250m_16_days_NDVI_doy2010009_aid0001,_250m_16_days_NDVI,aid0001,2010-01-09,37475.0,-0.2,0.9327,"(-0.2,0.9327)",0.5806471,0.2447898,0.0599221,0.7564,0.9327,0.6648,0.0892,0.4895
MYD13Q1_006__250m_16_days_NDVI_doy2010025_aid0001,_250m_16_days_NDVI,aid0001,2010-01-25,37756.0,-0.2,0.9431,"(-0.2,0.9431)",0.5661109,0.2711838,0.0735406,0.765,0.9431,0.668,-0.006,0.45655
MYD13Q1_006__250m_16_days_NDVI_doy2010041_aid0001,_250m_16_days_NDVI,aid0001,2010-02-10,35129.0,-0.2,0.9095,"(-0.2,0.9095)",0.529078,0.2648904,0.0701669,0.7331,0.9095,0.6191,-0.1151,0.3938
MYD13Q1_006__250m_16_days_NDVI_doy2010057_aid0001,_250m_16_days_NDVI,aid0001,2010-02-26,32772.0,-0.2,0.9026,"(-0.2,0.9026)",0.4905572,0.2741701,0.0751693,0.7132,0.9026,0.5679,-0.2,0.32
MYD13Q1_006__250m_16_days_NDVI_doy2010073_aid0001,_250m_16_days_NDVI,aid0001,2010-03-14,31969.0,-0.1997,0.8684,"(-0.1997,0.8684)",0.4544634,0.2718812,0.0739194,0.6781,0.8684,0.524,-0.1997,0.2737
MYD13Q1_006__250m_16_days_NDVI_doy2010089_aid0001,_250m_16_days_NDVI,aid0001,2010-03-30,31847.0,-0.2,0.9257,"(-0.2,0.9257)",0.4798991,0.2698388,0.072813,0.69675,0.9257,0.5592,-0.2,0.3143
MYD13Q1_006__250m_16_days_NDVI_doy2010105_aid0001,_250m_16_days_NDVI,aid0001,2010-04-15,31809.0,-0.2,0.8648,"(-0.2,0.8648)",0.4680562,0.2712812,0.0735935,0.6866,0.8648,0.55,-0.2,0.2948
MYD13Q1_006__250m_16_days_NDVI_doy2010121_aid0001,_250m_16_days_NDVI,aid0001,2010-05-01,32104.0,-0.2,0.8634,"(-0.2,0.8634)",0.4871889,0.2636178,0.0694943,0.6913,0.8634,0.5741,-0.2,0.327925
MYD13Q1_006__250m_16_days_NDVI_doy2010137_aid0001,_250m_16_days_NDVI,aid0001,2010-05-17,32734.0,-0.2,0.8825,"(-0.2,0.8825)",0.497275,0.2719886,0.0739778,0.7084,0.8825,0.5908,-0.2,0.3387
MYD13Q1_006__250m_16_days_NDVI_doy2010153_aid0001,_250m_16_days_NDVI,aid0001,2010-06-02,36777.0,-0.1995,0.9044,"(-0.1995,0.9044)",0.4360879,0.2862363,0.0819312,0.667,0.9044,0.5377,-0.1995,0.2222
MYD13Q1_006__250m_16_days_NDVI_doy2010169_aid0001,_250m_16_days_NDVI,aid0001,2010-06-18,34595.0,-0.2,0.8621,"(-0.2,0.8621)",0.442168,0.2571076,0.0661043,0.6453,0.8621,0.5209,-0.2,0.2774
MYD13Q1_006__250m_16_days_NDVI_doy2010185_aid0001,_250m_16_days_NDVI,aid0001,2010-07-04,37338.0,-0.2,0.8804,"(-0.2,0.8804)",0.3719252,0.2697166,0.072747,0.589,0.8804,0.4395,-0.2,0.1641
MYD13Q1_006__250m_16_days_NDVI_doy2010201_aid0001,_250m_16_days_NDVI,aid0001,2010-07-20,36978.0,-0.2,0.7996,"(-0.2,0.7996)",0.3149274,0.2144206,0.0459762,0.480675,0.7996,0.3603,-0.2,0.1667
MYD13Q1_006__250m_16_days_NDVI_doy2010217_aid0001,_250m_16_days_NDVI,aid0001,2010-08-05,36671.0,-0.2,0.8006,"(-0.2,0.8006)",0.2592582,0.1698927,0.0288635,0.37595,0.6949,0.2917,-0.1576,0.1625
MYD13Q1_006__250m_16_days_NDVI_doy2010233_aid0001,_250m_16_days_NDVI,aid0001,2010-08-21,40505.0,-0.2,0.7655,"(-0.2,0.7655)",0.2989149,0.1744038,0.0304167,0.4207,0.7442,0.3259,-0.1318,0.1997
MYD13Q1_006__250m_16_days_NDVI_doy2010249_aid0001,_250m_16_days_NDVI,aid0001,2010-09-06,39647.0,-0.1994,0.832,"(-0.1994,0.832)",0.3130916,0.1832534,0.0335818,0.4398,0.774,0.3412,-0.1299,0.2119
MYD13Q1_006__250m_16_days_NDVI_doy2010265_aid0001,_250m_16_days_NDVI,aid0001,2010-09-22,41558.0,-0.2,0.872,"(-0.2,0.872)",0.4839905,0.224935,0.0505957,0.6534,0.872,0.5417,-0.0726,0.363
MYD13Q1_006__250m_16_days_NDVI_doy2010281_aid0001,_250m_16_days_NDVI,aid0001,2010-10-08,40333.0,-0.1997,0.8893,"(-0.1997,0.8893)",0.5345312,0.2194894,0.0481756,0.6969,0.8893,0.596,0.0194,0.4259
MYD13Q1_006__250m_16_days_NDVI_doy2010297_aid0001,_250m_16_days_NDVI,aid0001,2010-10-24,40199.0,-0.2,0.9111,"(-0.2,0.9111)",0.6352781,0.2478498,0.0614295,0.7994,0.9111,0.7332,0.2296,0.57145
MYD13Q1_006__250m_16_days_NDVI_doy2010313_aid0001,_250m_16_days_NDVI,aid0001,2010-11-09,41374.0,-0.2,0.9094,"(-0.2,0.9094)",0.6387746,0.2570307,0.0660648,0.8092,0.9094,0.7478,0.2217,0.5742
MYD13Q1_006__250m_16_days_NDVI_doy2010329_aid0001,_250m_16_days_NDVI,aid0001,2010-11-25,41345.0,-0.2,0.9024,"(-0.2,0.9024)",0.6467819,0.2472542,0.0611347,0.805,0.9024,0.7465,0.2895,0.5988
MYD13Q1_006__250m_16_days_NDVI_doy2010345_aid0001,_250m_16_days_NDVI,aid0001,2010-12-11,40243.0,-0.2,0.9191,"(-0.2,0.9191)",0.642449,0.2484834,0.061744,0.8075,0.9191,0.7414,0.2258,0.5748
MYD13Q1_006__250m_16_days_NDVI_doy2010361_aid0001,_250m_16_days_NDVI,aid0001,2010-12-27,40152.0,-0.2,0.9383,"(-0.2,0.9383)",0.6886874,0.2159409,0.0466305,0.8167,0.9383,0.7668,0.4395,0.665675
MYD13Q1_006__250m_16_days_NDVI_doy2011009_aid0001,_250m_16_days_NDVI,aid0001,2011-01-09,40301.0,-0.2,0.9486,"(-0.2,0.9486)",0.668491,0.2242502,0.0502882,0.806,0.9486,0.7485,0.3886,0.639
MYD13Q1_006__250m_16_days_NDVI_doy2011025_aid0001,_250m_16_days_NDVI,aid0001,2011-01-25,39796.0,-0.1995,0.9095,"(-0.1995,0.9095)",0.6616642,0.2208849,0.0487901,0.7919,0.9095,0.74315,0.4158,0.6414
MYD13Q1_006__250m_16_days_NDVI_doy2011041_aid0001,_250m_16_days_NDVI,aid0001,2011-02-10,40430.0,-0.2,0.9222,"(-0.2,0.9222)",0.6325364,0.2523348,0.0636728,0.7859,0.9222,0.7354,0.3294,0.6033
MYD13Q1_006__250m_16_days_NDVI_doy2011057_aid0001,_250m_16_days_NDVI,aid0001,2011-02-26,39541.0,-0.2,0.9009,"(-0.2,0.9009)",0.6453759,0.2157406,0.046544,0.7739,0.9009,0.7255,0.3804,0.6165
MYD13Q1_006__250m_16_days_NDVI_doy2011073_aid0001,_250m_16_days_NDVI,aid0001,2011-03-14,39283.0,-0.2,0.8915,"(-0.2,0.8915)",0.5718702,0.2083907,0.0434267,0.7061,0.8915,0.6431,0.232,0.51645
MYD13Q1_006__250m_16_days_NDVI_doy2011089_aid0001,_250m_16_days_NDVI,aid0001,2011-03-30,39515.0,-0.2,0.8912,"(-0.2,0.8912)",0.5907566,0.1930006,0.0372492,0.7076,0.8912,0.6525,0.3276,0.5556
MYD13Q1_006__250m_16_days_NDVI_doy2011105_aid0001,_250m_16_days_NDVI,aid0001,2011-04-15,39336.0,-0.2,0.8799,"(-0.2,0.8799)",0.5589093,0.2005035,0.0402016,0.6915,0.8799,0.6214,0.2128,0.5
MYD13Q1_006__250m_16_days_NDVI_doy2011121_aid0001,_250m_16_days_NDVI,aid0001,2011-05-01,38980.0,-0.2,0.976,"(-0.2,0.976)",0.5111193,0.2073454,0.0429921,0.6586,0.976,0.5675,0.0739,0.4246
MYD13Q1_006__250m_16_days_NDVI_doy2011137_aid0001,_250m_16_days_NDVI,aid0001,2011-05-17,39409.0,-0.2,0.8834,"(-0.2,0.8834)",0.5977446,0.2005596,0.0402242,0.7264,0.8834,0.6596,0.2842,0.5495
MYD13Q1_006__250m_16_days_NDVI_doy2011153_aid0001,_250m_16_days_NDVI,aid0001,2011-06-02,39636.0,-0.1997,0.8616,"(-0.1997,0.8616)",0.5590193,0.2004419,0.040177,0.6856,0.8616,0.6128,0.2529,0.5125
MYD13Q1_006__250m_16_days_NDVI_doy2011169_aid0001,_250m_16_days_NDVI,aid0001,2011-06-18,39297.0,-0.2,0.8491,"(-0.2,0.8491)",0.5216087,0.1948571,0.0379693,0.6469,0.8491,0.5732,0.2056,0.4703
MYD13Q1_006__250m_16_days_NDVI_doy2011185_aid0001,_250m_16_days_NDVI,aid0001,2011-07-04,38528.0,-0.2,0.8319,"(-0.2,0.8319)",0.4353517,0.1686533,0.0284439,0.5399,0.77,0.4743,0.1559,0.3863
MYD13Q1_006__250m_16_days_NDVI_doy2011201_aid0001,_250m_16_days_NDVI,aid0001,2011-07-20,38307.0,-0.2,0.8358,"(-0.2,0.8358)",0.4340059,0.178534,0.0318744,0.551,0.8029,0.4761,0.1169,0.37735
MYD13Q1_006__250m_16_days_NDVI_doy2011217_aid0001,_250m_16_days_NDVI,aid0001,2011-08-05,37827.0,-0.2,0.8271,"(-0.2,0.8271)",0.4625235,0.1999494,0.0399797,0.6066,0.8271,0.5199,0.0421,0.3807
MYD13Q1_006__250m_16_days_NDVI_doy2011233_aid0001,_250m_16_days_NDVI,aid0001,2011-08-21,37886.0,-0.2,0.8553,"(-0.2,0.8553)",0.4378359,0.2003581,0.0401434,0.5831,0.8553,0.4921,-0.012,0.345
MYD13Q1_006__250m_16_days_NDVI_doy2011249_aid0001,_250m_16_days_NDVI,aid0001,2011-09-06,39359.0,-0.2,0.8878,"(-0.2,0.8878)",0.467335,0.20809,0.0433014,0.6154,0.8878,0.5254,0.014,0.3748
MYD13Q1_006__250m_16_days_NDVI_doy2011265_aid0001,_250m_16_days_NDVI,aid0001,2011-09-22,39468.0,-0.2,0.8654,"(-0.2,0.8654)",0.5276114,0.2077021,0.0431401,0.6666,0.8654,0.5899,0.147,0.4587
MYD13Q1_006__250m_16_days_NDVI_doy2011281_aid0001,_250m_16_days_NDVI,aid0001,2011-10-08,39409.0,-0.2,0.9679,"(-0.2,0.9679)",0.5924569,0.2135207,0.0455911,0.7307,0.9679,0.6638,0.2502,0.5385
MYD13Q1_006__250m_16_days_NDVI_doy2011297_aid0001,_250m_16_days_NDVI,aid0001,2011-10-24,39309.0,-0.2,0.8774,"(-0.2,0.8774)",0.5917193,0.2105313,0.0443234,0.725,0.8774,0.6626,0.2778,0.5461
MYD13Q1_006__250m_16_days_NDVI_doy2011313_aid0001,_250m_16_days_NDVI,aid0001,2011-11-09,40479.0,-0.2,0.8775,"(-0.2,0.8775)",0.6058276,0.2047916,0.0419396,0.7294,0.8775,0.6806,0.3411,0.574
MYD13Q1_006__250m_16_days_NDVI_doy2011329_aid0001,_250m_16_days_NDVI,aid0001,2011-11-25,40470.0,-0.2,0.8832,"(-0.2,0.8832)",0.5858056,0.2338586,0.0546899,0.7336,0.8832,0.6739,0.2487,0.5396
MYD13Q1_006__250m_16_days_NDVI_doy2011345_aid0001,_250m_16_days_NDVI,aid0001,2011-12-11,39931.0,-0.2,0.869,"(-0.2,0.869)",0.5978383,0.2083898,0.0434263,0.721,0.869,0.6708,0.345,0.57055
MYD13Q1_006__250m_16_days_NDVI_doy2011361_aid0001,_250m_16_days_NDVI,aid0001,2011-12-27,40996.0,-0.2,0.9517,"(-0.2,0.9517)",0.5850413,0.2200246,0.0484108,0.726,0.9517,0.663,0.2483,0.5349
MYD13Q1_006__250m_16_days_NDVI_doy2012009_aid0001,_250m_16_days_NDVI,aid0001,2012-01-09,41213.0,-0.1997,0.9056,"(-0.1997,0.9056)",0.5624833,0.2261165,0.0511287,0.7142,0.9056,0.6399,0.1745,0.4983
MYD13Q1_006__250m_16_days_NDVI_doy2012025_aid0001,_250m_16_days_NDVI,aid0001,2012-01-25,41500.0,-0.2,0.8859,"(-0.2,0.8859)",0.6236082,0.2466986,0.0608602,0.7797,0.8859,0.7223,0.2969,0.586575
MYD13Q1_006__250m_16_days_NDVI_doy2012041_aid0001,_250m_16_days_NDVI,aid0001,2012-02-10,41623.0,-0.2,0.8916,"(-0.2,0.8916)",0.6311739,0.2683511,0.0720123,0.7968,0.8916,0.7472,0.2978,0.5972
MYD13Q1_006__250m_16_days_NDVI_doy2012057_aid0001,_250m_16_days_NDVI,aid0001,2012-02-26,44774.0,-0.2,0.886,"(-0.2,0.886)",0.5797679,0.3147779,0.0990851,0.7887,0.886,0.7346,0.0571,0.496025
MYD13Q1_006__250m_16_days_NDVI_doy2012073_aid0001,_250m_16_days_NDVI,aid0001,2012-03-13,42721.0,-0.2,0.9977,"(-0.2,0.9977)",0.5954775,0.277996,0.0772818,0.775,0.9977,0.7243,0.1845,0.5388
MYD13Q1_006__250m_16_days_NDVI_doy2012089_aid0001,_250m_16_days_NDVI,aid0001,2012-03-29,41716.0,-0.2,0.8757,"(-0.2,0.8757)",0.592433,0.2509327,0.0629672,0.7516,0.8757,0.7023,0.2354,0.5451
MYD13Q1_006__250m_16_days_NDVI_doy2012105_aid0001,_250m_16_days_NDVI,aid0001,2012-04-14,41976.0,-0.2,0.9295,"(-0.2,0.9295)",0.5785703,0.2578565,0.06649,0.7462,0.9295,0.6934,0.1805,0.5199
MYD13Q1_006__250m_16_days_NDVI_doy2012121_aid0001,_250m_16_days_NDVI,aid0001,2012-04-30,40863.0,-0.1998,0.8937,"(-0.1998,0.8937)",0.5322941,0.2478979,0.0614534,0.6967,0.8937,0.6336,0.1125,0.463
MYD13Q1_006__250m_16_days_NDVI_doy2012137_aid0001,_250m_16_days_NDVI,aid0001,2012-05-16,39902.0,-0.2,0.8576,"(-0.2,0.8576)",0.5665729,0.2211319,0.0488993,0.705,0.8576,0.6562,0.2508,0.5233
MYD13Q1_006__250m_16_days_NDVI_doy2012153_aid0001,_250m_16_days_NDVI,aid0001,2012-06-01,39862.0,-0.2,0.8443,"(-0.2,0.8443)",0.504802,0.2142515,0.0459037,0.6432,0.8443,0.5877,0.1542,0.4476
MYD13Q1_006__250m_16_days_NDVI_doy2012169_aid0001,_250m_16_days_NDVI,aid0001,2012-06-17,38874.0,-0.2,0.8572,"(-0.2,0.8572)",0.4022905,0.1754248,0.0307739,0.5186,0.788,0.4459,0.069,0.338725
MYD13Q1_006__250m_16_days_NDVI_doy2012185_aid0001,_250m_16_days_NDVI,aid0001,2012-07-03,35100.0,-0.2,0.8129,"(-0.2,0.8129)",0.332893,0.2041293,0.0416688,0.4898,0.8129,0.38215,-0.2,0.2083
MYD13Q1_006__250m_16_days_NDVI_doy2012201_aid0001,_250m_16_days_NDVI,aid0001,2012-07-19,35959.0,-0.2,0.8121,"(-0.2,0.8121)",0.3202853,0.1934792,0.0374342,0.4671,0.8121,0.371,-0.1867,0.20555
MYD13Q1_006__250m_16_days_NDVI_doy2012217_aid0001,_250m_16_days_NDVI,aid0001,2012-08-04,37476.0,-0.2,0.8301,"(-0.2,0.8301)",0.4104021,0.1937594,0.0375427,0.5476,0.8301,0.4704,-0.0039,0.327
MYD13Q1_006__250m_16_days_NDVI_doy2012233_aid0001,_250m_16_days_NDVI,aid0001,2012-08-20,38951.0,-0.2,0.8354,"(-0.2,0.8354)",0.4239851,0.2016566,0.0406654,0.5663,0.8354,0.4866,0.0096,0.3436
MYD13Q1_006__250m_16_days_NDVI_doy2012249_aid0001,_250m_16_days_NDVI,aid0001,2012-09-05,40027.0,-0.2,0.9173,"(-0.2,0.9173)",0.5107993,0.2053257,0.0421587,0.6532,0.9173,0.5783,0.1174,0.43885
MYD13Q1_006__250m_16_days_NDVI_doy2012265_aid0001,_250m_16_days_NDVI,aid0001,2012-09-21,41181.0,-0.2,0.8695,"(-0.2,0.8695)",0.5167845,0.2052959,0.0421464,0.6599,0.8695,0.5887,0.1119,0.4407
MYD13Q1_006__250m_16_days_NDVI_doy2012281_aid0001,_250m_16_days_NDVI,aid0001,2012-10-07,40715.0,-0.2,0.9084,"(-0.2,0.9084)",0.5848563,0.239842,0.0575242,0.74415,0.9084,0.6805,0.1673,0.5134
MYD13Q1_006__250m_16_days_NDVI_doy2012297_aid0001,_250m_16_days_NDVI,aid0001,2012-10-23,40123.0,-0.1998,0.8979,"(-0.1998,0.8979)",0.6499168,0.2288872,0.0523894,0.7894,0.8979,0.7415,0.3542,0.6153
MYD13Q1_006__250m_16_days_NDVI_doy2012313_aid0001,_250m_16_days_NDVI,aid0001,2012-11-08,41085.0,-0.2,0.8866,"(-0.2,0.8866)",0.6422923,0.2312,0.0534535,0.7808,0.8866,0.7342,0.3639,0.614
MYD13Q1_006__250m_16_days_NDVI_doy2012329_aid0001,_250m_16_days_NDVI,aid0001,2012-11-24,42113.0,-0.2,0.8926,"(-0.2,0.8926)",0.6337322,0.2610398,0.0681418,0.8008,0.8926,0.7495,0.2527,0.5815
MYD13Q1_006__250m_16_days_NDVI_doy2012345_aid0001,_250m_16_days_NDVI,aid0001,2012-12-10,43841.0,-0.2,0.9132,"(-0.2,0.9132)",0.5803851,0.2813199,0.0791409,0.7701,0.9132,0.7107,0.0804,0.4941
MYD13Q1_006__250m_16_days_NDVI_doy2012361_aid0001,_250m_16_days_NDVI,aid0001,2012-12-26,40958.0,-0.2,0.8983,"(-0.2,0.8983)",0.6396432,0.2307278,0.0532353,0.7742,0.8983,0.7317,0.3895,0.6203
MYD13Q1_006__250m_16_days_NDVI_doy2013009_aid0001,_250m_16_days_NDVI,aid0001,2013-01-09,40286.0,-0.2,0.9813,"(-0.2,0.9813)",0.6022121,0.2089362,0.0436543,0.7256,0.909,0.675,0.3528,0.576325
MYD13Q1_006__250m_16_days_NDVI_doy2013025_aid0001,_250m_16_days_NDVI,aid0001,2013-01-25,40433.0,-0.1995,0.8817,"(-0.1995,0.8817)",0.5791041,0.2262941,0.051209,0.7212,0.8817,0.6625,0.2656,0.5389
MYD13Q1_006__250m_16_days_NDVI_doy2013041_aid0001,_250m_16_days_NDVI,aid0001,2013-02-10,42635.0,-0.2,0.8744,"(-0.2,0.8744)",0.5379968,0.2371388,0.0562348,0.6937,0.8744,0.6278,0.1564,0.4787
MYD13Q1_006__250m_16_days_NDVI_doy2013057_aid0001,_250m_16_days_NDVI,aid0001,2013-02-26,40234.0,-0.2,0.9052,"(-0.2,0.9052)",0.5768767,0.2278891,0.0519335,0.7195,0.9052,0.6646,0.2601,0.5357
MYD13Q1_006__250m_16_days_NDVI_doy2013073_aid0001,_250m_16_days_NDVI,aid0001,2013-03-14,40054.0,-0.2,0.9938,"(-0.2,0.9938)",0.5852543,0.2243995,0.0503551,0.7257,0.9938,0.6718,0.2602,0.539425
MYD13Q1_006__250m_16_days_NDVI_doy2013089_aid0001,_250m_16_days_NDVI,aid0001,2013-03-30,39237.0,-0.2,0.8722,"(-0.2,0.8722)",0.6015569,0.2067148,0.042731,0.7256,0.8722,0.6765,0.3455,0.5735
MYD13Q1_006__250m_16_days_NDVI_doy2013105_aid0001,_250m_16_days_NDVI,aid0001,2013-04-15,39288.0,-0.2,0.859,"(-0.2,0.859)",0.6162065,0.1989098,0.0395651,0.7328,0.859,0.6855,0.3856,0.5939
MYD13Q1_006__250m_16_days_NDVI_doy2013121_aid0001,_250m_16_days_NDVI,aid0001,2013-05-01,40363.0,-0.2,0.874,"(-0.2,0.874)",0.6017014,0.2073418,0.0429906,0.7243,0.874,0.6733,0.3588,0.5781
MYD13Q1_006__250m_16_days_NDVI_doy2013137_aid0001,_250m_16_days_NDVI,aid0001,2013-05-17,40541.0,-0.2,0.8769,"(-0.2,0.8769)",0.5960955,0.1955756,0.0382498,0.7086,0.8769,0.6591,0.3759,0.5755
MYD13Q1_006__250m_16_days_NDVI_doy2013153_aid0001,_250m_16_days_NDVI,aid0001,2013-06-02,39708.0,-0.1996,0.8618,"(-0.1996,0.8618)",0.5874469,0.1804706,0.0325696,0.6892,0.8618,0.6426,0.385,0.5675
MYD13Q1_006__250m_16_days_NDVI_doy2013169_aid0001,_250m_16_days_NDVI,aid0001,2013-06-18,39385.0,-0.2,0.8449,"(-0.2,0.8449)",0.5632226,0.1689939,0.0285589,0.6596,0.8427,0.6079,0.3546,0.5375
MYD13Q1_006__250m_16_days_NDVI_doy2013185_aid0001,_250m_16_days_NDVI,aid0001,2013-07-04,42387.0,-0.2,0.8327,"(-0.2,0.8327)",0.4412439,0.2231684,0.0498041,0.6,0.8327,0.5202,-0.0297,0.3481
MYD13Q1_006__250m_16_days_NDVI_doy2013201_aid0001,_250m_16_days_NDVI,aid0001,2013-07-20,34998.0,-0.2,0.8801,"(-0.2,0.8801)",0.255821,0.2115509,0.0447538,0.4185,0.8801,0.2748,-0.2,0.098525
MYD13Q1_006__250m_16_days_NDVI_doy2013217_aid0001,_250m_16_days_NDVI,aid0001,2013-08-05,33753.0,-0.2,0.7955,"(-0.2,0.7955)",0.2951025,0.2231138,0.0497798,0.4717,0.7955,0.337,-0.2,0.1337
MYD13Q1_006__250m_16_days_NDVI_doy2013233_aid0001,_250m_16_days_NDVI,aid0001,2013-08-21,38147.0,-0.2,0.7975,"(-0.2,0.7975)",0.4038032,0.1903297,0.0362254,0.53695,0.7975,0.4572,-0.0023,0.3212
MYD13Q1_006__250m_16_days_NDVI_doy2013249_aid0001,_250m_16_days_NDVI,aid0001,2013-09-06,40259.0,-0.2,0.8304,"(-0.2,0.8304)",0.5018747,0.1855747,0.034438,0.6186,0.8304,0.5616,0.2027,0.4522
MYD13Q1_006__250m_16_days_NDVI_doy2013265_aid0001,_250m_16_days_NDVI,aid0001,2013-09-22,40475.0,-0.2,0.837,"(-0.2,0.837)",0.5275265,0.194036,0.03765,0.6487,0.837,0.5906,0.2479,0.48835
MYD13Q1_006__250m_16_days_NDVI_doy2013281_aid0001,_250m_16_days_NDVI,aid0001,2013-10-08,40153.0,-0.2,0.8775,"(-0.2,0.8775)",0.6291019,0.2025836,0.0410401,0.7484,0.8775,0.7008,0.3907,0.6053
MYD13Q1_006__250m_16_days_NDVI_doy2013297_aid0001,_250m_16_days_NDVI,aid0001,2013-10-24,40625.0,-0.2,0.9051,"(-0.2,0.9051)",0.6214234,0.2522795,0.063645,0.7939,0.9051,0.7261,0.1618,0.541
MYD13Q1_006__250m_16_days_NDVI_doy2013313_aid0001,_250m_16_days_NDVI,aid0001,2013-11-09,40300.0,-0.2,0.887,"(-0.2,0.887)",0.6762923,0.2303903,0.0530797,0.8063,0.887,0.7687,0.4578,0.6669
MYD13Q1_006__250m_16_days_NDVI_doy2013329_aid0001,_250m_16_days_NDVI,aid0001,2013-11-25,40124.0,-0.2,0.8851,"(-0.2,0.8851)",0.7020012,0.2040956,0.041655,0.8108,0.8851,0.7794,0.5477,0.7055
MYD13Q1_006__250m_16_days_NDVI_doy2013345_aid0001,_250m_16_days_NDVI,aid0001,2013-12-11,40205.0,-0.2,0.8939,"(-0.2,0.8939)",0.7005177,0.2077492,0.0431597,0.8121,0.8939,0.779,0.5311,0.6997
MYD13Q1_006__250m_16_days_NDVI_doy2013361_aid0001,_250m_16_days_NDVI,aid0001,2013-12-27,41010.0,-0.1997,0.9059,"(-0.1997,0.9059)",0.6732791,0.231594,0.0536358,0.8108,0.9059,0.7684,0.407,0.6492
MYD13Q1_006__250m_16_days_NDVI_doy2014009_aid0001,_250m_16_days_NDVI,aid0001,2014-01-09,40738.0,-0.1997,0.9149,"(-0.1997,0.9149)",0.6317961,0.2158702,0.0465999,0.7586,0.9149,0.7155,0.3971,0.614
MYD13Q1_006__250m_16_days_NDVI_doy2014025_aid0001,_250m_16_days_NDVI,aid0001,2014-01-25,41226.0,-0.2,0.9956,"(-0.2,0.9956)",0.6254921,0.2408206,0.0579946,0.7708,0.9956,0.7276,0.3317,0.595125
MYD13Q1_006__250m_16_days_NDVI_doy2014041_aid0001,_250m_16_days_NDVI,aid0001,2014-02-10,42643.0,-0.2,0.9495,"(-0.2,0.9495)",0.5992983,0.2775777,0.0770494,0.7915,0.9495,0.7215,0.0807,0.50715
MYD13Q1_006__250m_16_days_NDVI_doy2014057_aid0001,_250m_16_days_NDVI,aid0001,2014-02-26,40485.0,-0.2,0.9128,"(-0.2,0.9128)",0.637185,0.232122,0.0538806,0.7745,0.9128,0.7345,0.3809,0.617
MYD13Q1_006__250m_16_days_NDVI_doy2014073_aid0001,_250m_16_days_NDVI,aid0001,2014-03-14,40947.0,-0.2,0.9604,"(-0.2,0.9604)",0.5854939,0.2404457,0.0578141,0.73645,0.9604,0.6902,0.2589,0.5454
MYD13Q1_006__250m_16_days_NDVI_doy2014089_aid0001,_250m_16_days_NDVI,aid0001,2014-03-30,39997.0,-0.2,0.8557,"(-0.2,0.8557)",0.5341601,0.2549778,0.0650137,0.7219,0.8557,0.6422,-0.0385,0.4177
MYD13Q1_006__250m_16_days_NDVI_doy2014105_aid0001,_250m_16_days_NDVI,aid0001,2014-04-15,39186.0,-0.2,0.8568,"(-0.2,0.8568)",0.5368849,0.2310756,0.0533959,0.6997,0.8568,0.6264,0.079,0.4514
MYD13Q1_006__250m_16_days_NDVI_doy2014121_aid0001,_250m_16_days_NDVI,aid0001,2014-05-01,40224.0,-0.1997,0.8153,"(-0.1997,0.8153)",0.5899296,0.1978525,0.0391456,0.712,0.8153,0.6693,0.3113,0.5517
MYD13Q1_006__250m_16_days_NDVI_doy2014137_aid0001,_250m_16_days_NDVI,aid0001,2014-05-17,39487.0,-0.2,0.8592,"(-0.2,0.8592)",0.568998,0.1921637,0.0369269,0.6866,0.8592,0.6363,0.3012,0.5324
MYD13Q1_006__250m_16_days_NDVI_doy2014153_aid0001,_250m_16_days_NDVI,aid0001,2014-06-02,39280.0,-0.2,0.8483,"(-0.2,0.8483)",0.5762791,0.1946431,0.0378859,0.6932,0.8483,0.64445,0.3207,0.5442
MYD13Q1_006__250m_16_days_NDVI_doy2014169_aid0001,_250m_16_days_NDVI,aid0001,2014-06-18,38871.0,-0.1996,0.8519,"(-0.1996,0.8519)",0.5614725,0.1834165,0.0336416,0.67305,0.8519,0.6185,0.2962,0.52225
MYD13Q1_006__250m_16_days_NDVI_doy2014185_aid0001,_250m_16_days_NDVI,aid0001,2014-07-04,37720.0,-0.2,0.8307,"(-0.2,0.8307)",0.3144891,0.2245865,0.0504391,0.4904,0.8307,0.34865,-0.2,0.156
MYD13Q1_006__250m_16_days_NDVI_doy2014201_aid0001,_250m_16_days_NDVI,aid0001,2014-07-20,31768.0,-0.2,0.8483,"(-0.2,0.8483)",0.2269984,0.2298389,0.0528259,0.408225,0.8483,0.2373,-0.2,0.0381
MYD13Q1_006__250m_16_days_NDVI_doy2014217_aid0001,_250m_16_days_NDVI,aid0001,2014-08-05,35247.0,-0.2,0.8742,"(-0.2,0.8742)",0.3747746,0.2337027,0.0546169,0.5592,0.8742,0.4268,-0.2,0.22215
MYD13Q1_006__250m_16_days_NDVI_doy2014233_aid0001,_250m_16_days_NDVI,aid0001,2014-08-21,39186.0,-0.1994,0.8507,"(-0.1994,0.8507)",0.460306,0.2331893,0.0543773,0.6365,0.8507,0.5365,-0.1065,0.3393
MYD13Q1_006__250m_16_days_NDVI_doy2014249_aid0001,_250m_16_days_NDVI,aid0001,2014-09-06,38322.0,-0.2,0.8862,"(-0.2,0.8862)",0.5565046,0.2344538,0.0549686,0.7176,0.8862,0.6421,0.1112,0.475
MYD13Q1_006__250m_16_days_NDVI_doy2014265_aid0001,_250m_16_days_NDVI,aid0001,2014-09-22,38918.0,-0.1995,0.8791,"(-0.1995,0.8791)",0.6039822,0.2129411,0.0453439,0.7382,0.8791,0.6776,0.2979,0.562
MYD13Q1_006__250m_16_days_NDVI_doy2014281_aid0001,_250m_16_days_NDVI,aid0001,2014-10-08,39444.0,-0.2,0.8916,"(-0.2,0.8916)",0.6271112,0.2317916,0.0537274,0.7729,0.8916,0.7179,0.3012,0.5842
MYD13Q1_006__250m_16_days_NDVI_doy2014297_aid0001,_250m_16_days_NDVI,aid0001,2014-10-24,40907.0,-0.2,0.9075,"(-0.2,0.9075)",0.6543785,0.2589628,0.0670617,0.8069,0.9075,0.7623,0.3887,0.63945
MYD13Q1_006__250m_16_days_NDVI_doy2014313_aid0001,_250m_16_days_NDVI,aid0001,2014-11-09,40192.0,-0.2,0.8977,"(-0.2,0.8977)",0.6639906,0.2336893,0.0546107,0.8007,0.8977,0.7565,0.4117,0.6451
MYD13Q1_006__250m_16_days_NDVI_doy2014329_aid0001,_250m_16_days_NDVI,aid0001,2014-11-25,39395.0,-0.1997,0.8859,"(-0.1997,0.8859)",0.6630706,0.2069997,0.0428489,0.7805,0.8859,0.7434,0.4536,0.6497
MYD13Q1_006__250m_16_days_NDVI_doy2014345_aid0001,_250m_16_days_NDVI,aid0001,2014-12-11,39610.0,-0.2,0.8833,"(-0.2,0.8833)",0.6677622,0.2164861,0.0468662,0.7894,0.8833,0.75575,0.4678,0.660725
MYD13Q1_006__250m_16_days_NDVI_doy2014361_aid0001,_250m_16_days_NDVI,aid0001,2014-12-27,41504.0,-0.2,0.928,"(-0.2,0.928)",0.6390884,0.2521407,0.0635749,0.7914,0.928,0.7453,0.3454,0.613
MYD13Q1_006__250m_16_days_NDVI_doy2015009_aid0001,_250m_16_days_NDVI,aid0001,2015-01-09,39280.0,-0.2,0.9494,"(-0.2,0.9494)",0.609985,0.2191931,0.0480456,0.746,0.9494,0.6917,0.3024,0.5685
MYD13Q1_006__250m_16_days_NDVI_doy2015025_aid0001,_250m_16_days_NDVI,aid0001,2015-01-25,40159.0,-0.2,0.9606,"(-0.2,0.9606)",0.5940082,0.2317403,0.0537036,0.7337,0.9606,0.6875,0.3048,0.56205
MYD13Q1_006__250m_16_days_NDVI_doy2015041_aid0001,_250m_16_days_NDVI,aid0001,2015-02-10,39322.0,-0.1998,0.9928,"(-0.1998,0.9928)",0.6239725,0.2211694,0.0489159,0.7538,0.9355,0.7083,0.3763,0.6028
MYD13Q1_006__250m_16_days_NDVI_doy2015057_aid0001,_250m_16_days_NDVI,aid0001,2015-02-26,40037.0,-0.2,0.9323,"(-0.2,0.9323)",0.6125742,0.2274787,0.0517466,0.7474,0.9323,0.7037,0.3613,0.5929
MYD13Q1_006__250m_16_days_NDVI_doy2015073_aid0001,_250m_16_days_NDVI,aid0001,2015-03-14,39732.0,-0.2,0.874,"(-0.2,0.874)",0.5778807,0.2411919,0.0581735,0.7269,0.874,0.6783,0.2699,0.544075
MYD13Q1_006__250m_16_days_NDVI_doy2015089_aid0001,_250m_16_days_NDVI,aid0001,2015-03-30,38821.0,-0.2,0.827,"(-0.2,0.827)",0.5754004,0.2105582,0.0443347,0.7057,0.827,0.6584,0.2892,0.5391
MYD13Q1_006__250m_16_days_NDVI_doy2015105_aid0001,_250m_16_days_NDVI,aid0001,2015-04-15,39854.0,-0.1998,0.8436,"(-0.1998,0.8436)",0.5613945,0.2380202,0.0566536,0.7163,0.8436,0.6602,0.2007,0.51
MYD13Q1_006__250m_16_days_NDVI_doy2015121_aid0001,_250m_16_days_NDVI,aid0001,2015-05-01,39790.0,-0.2,0.8494,"(-0.2,0.8494)",0.5335366,0.2480588,0.0615332,0.7014,0.8494,0.6352,0.1107,0.4651
MYD13Q1_006__250m_16_days_NDVI_doy2015137_aid0001,_250m_16_days_NDVI,aid0001,2015-05-17,39483.0,-0.2,0.8538,"(-0.2,0.8538)",0.5720505,0.2194986,0.0481796,0.7127,0.8538,0.6606,0.2383,0.5229
MYD13Q1_006__250m_16_days_NDVI_doy2015153_aid0001,_250m_16_days_NDVI,aid0001,2015-06-02,38841.0,-0.1997,0.8449,"(-0.1997,0.8449)",0.5455844,0.2071755,0.0429217,0.6733,0.8449,0.6243,0.2633,0.5093
MYD13Q1_006__250m_16_days_NDVI_doy2015169_aid0001,_250m_16_days_NDVI,aid0001,2015-06-18,38616.0,-0.2,0.821,"(-0.2,0.821)",0.5064788,0.1950884,0.0380595,0.627,0.821,0.5672,0.2171,0.463
MYD13Q1_006__250m_16_days_NDVI_doy2015185_aid0001,_250m_16_days_NDVI,aid0001,2015-07-04,38805.0,-0.2,0.8342,"(-0.2,0.8342)",0.4822004,0.1820192,0.033131,0.5989,0.8342,0.5423,0.1844,0.4331
MYD13Q1_006__250m_16_days_NDVI_doy2015201_aid0001,_250m_16_days_NDVI,aid0001,2015-07-20,38490.0,-0.2,0.8107,"(-0.2,0.8107)",0.3920409,0.2286793,0.0522942,0.5618,0.8107,0.4707,-0.1433,0.279725
MYD13Q1_006__250m_16_days_NDVI_doy2015217_aid0001,_250m_16_days_NDVI,aid0001,2015-08-05,35709.0,-0.2,0.8625,"(-0.2,0.8625)",0.3592054,0.2426089,0.0588591,0.556,0.8625,0.4246,-0.2,0.1842
MYD13Q1_006__250m_16_days_NDVI_doy2015233_aid0001,_250m_16_days_NDVI,aid0001,2015-08-21,34123.0,-0.2,0.8986,"(-0.2,0.8986)",0.422802,0.2426734,0.0588904,0.6119,0.8986,0.5108,-0.2,0.2718
MYD13Q1_006__250m_16_days_NDVI_doy2015249_aid0001,_250m_16_days_NDVI,aid0001,2015-09-06,35891.0,-0.2,0.8191,"(-0.2,0.8191)",0.4203597,0.2424968,0.0588047,0.6105,0.8191,0.5087,-0.2,0.2681
MYD13Q1_006__250m_16_days_NDVI_doy2015265_aid0001,_250m_16_days_NDVI,aid0001,2015-09-22,39920.0,-0.2,0.8186,"(-0.2,0.8186)",0.4450418,0.2159593,0.0466384,0.6097,0.8186,0.5096,-0.0752,0.3356
MYD13Q1_006__250m_16_days_NDVI_doy2015281_aid0001,_250m_16_days_NDVI,aid0001,2015-10-08,39598.0,-0.2,0.8666,"(-0.2,0.8666)",0.4924411,0.2228189,0.0496483,0.6566,0.8666,0.559,0.0069,0.3967
MYD13Q1_006__250m_16_days_NDVI_doy2015297_aid0001,_250m_16_days_NDVI,aid0001,2015-10-24,38998.0,-0.2,0.9229,"(-0.2,0.9229)",0.5837889,0.2289079,0.0523988,0.7332,0.9229,0.6645,0.2233,0.529225
MYD13Q1_006__250m_16_days_NDVI_doy2015313_aid0001,_250m_16_days_NDVI,aid0001,2015-11-09,38828.0,-0.2,0.9007,"(-0.2,0.9007)",0.614531,0.221062,0.0488684,0.7507,0.9007,0.6997,0.3196,0.578075
MYD13Q1_006__250m_16_days_NDVI_doy2015329_aid0001,_250m_16_days_NDVI,aid0001,2015-11-25,38866.0,-0.2,0.9086,"(-0.2,0.9086)",0.6318923,0.2203447,0.0485518,0.7668,0.9086,0.7177,0.3403,0.5962
MYD13Q1_006__250m_16_days_NDVI_doy2015345_aid0001,_250m_16_days_NDVI,aid0001,2015-12-11,39289.0,-0.2,0.9033,"(-0.2,0.9033)",0.6058575,0.2396952,0.0574538,0.761,0.9033,0.6933,0.2376,0.5516
MYD13Q1_006__250m_16_days_NDVI_doy2015361_aid0001,_250m_16_days_NDVI,aid0001,2015-12-27,38605.0,-0.2,0.906,"(-0.2,0.906)",0.5283816,0.2301343,0.0529618,0.6918,0.906,0.5983,0.0447,0.4329
MYD13Q1_006__250m_16_days_NDVI_doy2016009_aid0001,_250m_16_days_NDVI,aid0001,2016-01-09,31965.0,-0.2,0.9503,"(-0.2,0.9503)",0.3574956,0.2935027,0.0861438,0.6104,0.9503,0.4044,-0.2,0.1166
MYD13Q1_006__250m_16_days_NDVI_doy2016025_aid0001,_250m_16_days_NDVI,aid0001,2016-01-25,24401.0,-0.2,0.8964,"(-0.2,0.8964)",0.4406945,0.285989,0.0817897,0.6785,0.8964,0.5126,-0.2,0.2366
MYD13Q1_006__250m_16_days_NDVI_doy2016041_aid0001,_250m_16_days_NDVI,aid0001,2016-02-10,21983.0,-0.2,0.9091,"(-0.2,0.9091)",0.4409925,0.2904644,0.0843696,0.6876,0.9091,0.5106,-0.2,0.2231
MYD13Q1_006__250m_16_days_NDVI_doy2016057_aid0001,_250m_16_days_NDVI,aid0001,2016-02-26,17928.0,-0.2,0.8843,"(-0.2,0.8843)",0.3715011,0.2751377,0.0757007,0.606725,0.8843,0.41795,-0.2,0.1546
MYD13Q1_006__250m_16_days_NDVI_doy2016073_aid0001,_250m_16_days_NDVI,aid0001,2016-03-13,18371.0,-0.2,0.8742,"(-0.2,0.8742)",0.4005842,0.2759245,0.0761343,0.636,0.8742,0.4519,-0.2,0.1885
MYD13Q1_006__250m_16_days_NDVI_doy2016089_aid0001,_250m_16_days_NDVI,aid0001,2016-03-29,30936.0,-0.2,0.916,"(-0.2,0.916)",0.2011266,0.2877732,0.0828134,0.470625,0.916,0.02415,-0.2,-0.0112
MYD13Q1_006__250m_16_days_NDVI_doy2016105_aid0001,_250m_16_days_NDVI,aid0001,2016-04-14,15847.0,-0.2,0.8566,"(-0.2,0.8566)",0.3497513,0.2726413,0.0743333,0.5791,0.8566,0.3901,-0.2,0.13375
MYD13Q1_006__250m_16_days_NDVI_doy2016121_aid0001,_250m_16_days_NDVI,aid0001,2016-04-30,17267.0,-0.2,0.7894,"(-0.2,0.7894)",0.2265999,0.245551,0.0602953,0.431,0.7894,0.2254,-0.2,0.0163
MYD13Q1_006__250m_16_days_NDVI_doy2016137_aid0001,_250m_16_days_NDVI,aid0001,2016-05-16,20295.0,-0.2,0.8648,"(-0.2,0.8648)",0.1761073,0.2571682,0.0661355,0.3927,0.8648,0.1508,-0.2,-0.0576
MYD13Q1_006__250m_16_days_NDVI_doy2016153_aid0001,_250m_16_days_NDVI,aid0001,2016-06-01,17432.0,-0.2,0.9537,"(-0.2,0.9537)",0.2138606,0.2512273,0.0631152,0.4266,0.9537,0.2012,-0.2,-0.0099
MYD13Q1_006__250m_16_days_NDVI_doy2016169_aid0001,_250m_16_days_NDVI,aid0001,2016-06-17,16700.0,-0.2,0.8395,"(-0.2,0.8395)",0.2393966,0.2419083,0.0585196,0.4431,0.8395,0.23925,-0.2,0.0397
MYD13Q1_006__250m_16_days_NDVI_doy2016185_aid0001,_250m_16_days_NDVI,aid0001,2016-07-03,16745.0,-0.2,0.8085,"(-0.2,0.8085)",0.2092282,0.2432053,0.0591488,0.4174,0.8085,0.1939,-0.2,-0.0214
MYD13Q1_006__250m_16_days_NDVI_doy2016201_aid0001,_250m_16_days_NDVI,aid0001,2016-07-19,20775.0,-0.2,0.8271,"(-0.2,0.8271)",0.1995438,0.2346519,0.0550615,0.3954,0.8271,0.1857,-0.2,0.0
MYD13Q1_006__250m_16_days_NDVI_doy2016217_aid0001,_250m_16_days_NDVI,aid0001,2016-08-04,29649.0,-0.2,0.863,"(-0.2,0.863)",0.2015454,0.2175189,0.0473145,0.3714,0.863,0.193,-0.2,0.0299
MYD13Q1_006__250m_16_days_NDVI_doy2016233_aid0001,_250m_16_days_NDVI,aid0001,2016-08-20,34947.0,-0.2,0.8734,"(-0.2,0.8734)",0.2324757,0.2007134,0.0402859,0.3751,0.7878,0.2367,-0.2,0.09555
MYD13Q1_006__250m_16_days_NDVI_doy2016249_aid0001,_250m_16_days_NDVI,aid0001,2016-09-05,31186.0,-0.2,0.8784,"(-0.2,0.8784)",0.283469,0.237881,0.0565874,0.4715,0.8784,0.2911,-0.2,0.103125
MYD13Q1_006__250m_16_days_NDVI_doy2016265_aid0001,_250m_16_days_NDVI,aid0001,2016-09-21,35700.0,-0.2,0.8607,"(-0.2,0.8607)",0.3477558,0.2314948,0.0535898,0.527925,0.8607,0.37545,-0.2,0.1918
MYD13Q1_006__250m_16_days_NDVI_doy2016281_aid0001,_250m_16_days_NDVI,aid0001,2016-10-07,38574.0,-0.2,0.88,"(-0.2,0.88)",0.4200422,0.2701852,0.073,0.642,0.88,0.4707,-0.2,0.231425
MYD13Q1_006__250m_16_days_NDVI_doy2016297_aid0001,_250m_16_days_NDVI,aid0001,2016-10-23,37051.0,-0.2,0.9097,"(-0.2,0.9097)",0.5009448,0.3093434,0.0956934,0.7625,0.9097,0.5998,-0.2,0.2831
MYD13Q1_006__250m_16_days_NDVI_doy2016313_aid0001,_250m_16_days_NDVI,aid0001,2016-11-08,36313.0,-0.2,0.9062,"(-0.2,0.9062)",0.5486612,0.2987377,0.0892442,0.7928,0.9062,0.6592,-0.2,0.3602
MYD13Q1_006__250m_16_days_NDVI_doy2016329_aid0001,_250m_16_days_NDVI,aid0001,2016-11-24,37460.0,-0.2,0.895,"(-0.2,0.895)",0.5567044,0.3017114,0.0910297,0.7867,0.895,0.6831,-0.1698,0.4041
MYD13Q1_006__250m_16_days_NDVI_doy2016345_aid0001,_250m_16_days_NDVI,aid0001,2016-12-10,38694.0,-0.2,0.9379,"(-0.2,0.9379)",0.5331634,0.2940058,0.0864394,0.7659,0.9379,0.6486,-0.2,0.368
MYD13Q1_006__250m_16_days_NDVI_doy2016361_aid0001,_250m_16_days_NDVI,aid0001,2016-12-26,39839.0,-0.2,0.9514,"(-0.2,0.9514)",0.5337847,0.3363432,0.1131267,0.79815,0.9514,0.6793,-0.2,0.3384
MYD13Q1_006__250m_16_days_NDVI_doy2017009_aid0001,_250m_16_days_NDVI,aid0001,2017-01-09,37501.0,-0.2,0.9004,"(-0.2,0.9004)",0.5734171,0.3016466,0.0909907,0.7975,0.9004,0.7052,-0.1005,0.4383
MYD13Q1_006__250m_16_days_NDVI_doy2017025_aid0001,_250m_16_days_NDVI,aid0001,2017-01-25,36782.0,-0.2,0.9206,"(-0.2,0.9206)",0.5755973,0.2742008,0.0751861,0.7739,0.9206,0.691,0.0059,0.4667
MYD13Q1_006__250m_16_days_NDVI_doy2017041_aid0001,_250m_16_days_NDVI,aid0001,2017-02-10,36363.0,-0.2,0.9675,"(-0.2,0.9675)",0.5692437,0.2733256,0.0747069,0.7788,0.9675,0.6801,-0.1017,0.4266
MYD13Q1_006__250m_16_days_NDVI_doy2017057_aid0001,_250m_16_days_NDVI,aid0001,2017-02-26,36199.0,-0.1997,0.9041,"(-0.1997,0.9041)",0.5653881,0.2665298,0.0710381,0.7649,0.9041,0.6758,-0.0409,0.4424
MYD13Q1_006__250m_16_days_NDVI_doy2017073_aid0001,_250m_16_days_NDVI,aid0001,2017-03-14,35571.0,-0.2,0.8864,"(-0.2,0.8864)",0.5469296,0.2647835,0.0701103,0.7489,0.8864,0.6552,-0.0896,0.4135
MYD13Q1_006__250m_16_days_NDVI_doy2017089_aid0001,_250m_16_days_NDVI,aid0001,2017-03-30,36992.0,-0.2,0.8707,"(-0.2,0.8707)",0.5081139,0.2826017,0.0798637,0.736325,0.8707,0.6216,-0.2,0.3359
MYD13Q1_006__250m_16_days_NDVI_doy2017105_aid0001,_250m_16_days_NDVI,aid0001,2017-04-15,36031.0,-0.2,0.8652,"(-0.2,0.8652)",0.46529,0.2741954,0.0751831,0.6928,0.8652,0.5632,-0.2,0.28455
MYD13Q1_006__250m_16_days_NDVI_doy2017121_aid0001,_250m_16_days_NDVI,aid0001,2017-05-01,35114.0,-0.1998,0.8353,"(-0.1998,0.8353)",0.4707343,0.2552302,0.0651424,0.6745,0.8353,0.5599,-0.1998,0.320125
MYD13Q1_006__250m_16_days_NDVI_doy2017137_aid0001,_250m_16_days_NDVI,aid0001,2017-05-17,37727.0,-0.2,0.8302,"(-0.2,0.8302)",0.4662338,0.2311088,0.0534113,0.6393,0.8302,0.544,-0.0713,0.35505
MYD13Q1_006__250m_16_days_NDVI_doy2017153_aid0001,_250m_16_days_NDVI,aid0001,2017-06-02,34833.0,-0.2,0.8891,"(-0.2,0.8891)",0.4753805,0.229326,0.0525904,0.6481,0.8891,0.5501,-0.0761,0.3584
MYD13Q1_006__250m_16_days_NDVI_doy2017169_aid0001,_250m_16_days_NDVI,aid0001,2017-06-18,33598.0,-0.2,0.8854,"(-0.2,0.8854)",0.4242273,0.2354021,0.0554141,0.605475,0.8854,0.4889,-0.1996,0.2834
MYD13Q1_006__250m_16_days_NDVI_doy2017185_aid0001,_250m_16_days_NDVI,aid0001,2017-07-04,34595.0,-0.2,0.8487,"(-0.2,0.8487)",0.4357792,0.2438109,0.0594437,0.6305,0.8487,0.509,-0.2,0.28345
MYD13Q1_006__250m_16_days_NDVI_doy2017201_aid0001,_250m_16_days_NDVI,aid0001,2017-07-20,34277.0,-0.2,0.8881,"(-0.2,0.8881)",0.4590542,0.2343675,0.0549281,0.6353,0.8881,0.5319,-0.1247,0.3313
MYD13Q1_006__250m_16_days_NDVI_doy2017217_aid0001,_250m_16_days_NDVI,aid0001,2017-08-05,34586.0,-0.1996,0.8725,"(-0.1996,0.8725)",0.4915763,0.2382328,0.0567549,0.6634,0.8725,0.5762,-0.0496,0.378125
MYD13Q1_006__250m_16_days_NDVI_doy2017233_aid0001,_250m_16_days_NDVI,aid0001,2017-08-21,39715.0,-0.2,0.8927,"(-0.2,0.8927)",0.4515512,0.2665336,0.0710402,0.6668,0.8927,0.5378,-0.2,0.28255
MYD13Q1_006__250m_16_days_NDVI_doy2017249_aid0001,_250m_16_days_NDVI,aid0001,2017-09-06,39842.0,-0.2,0.8949,"(-0.2,0.8949)",0.5126871,0.2686109,0.0721518,0.7225,0.8949,0.6168,-0.183,0.360225
MYD13Q1_006__250m_16_days_NDVI_doy2017265_aid0001,_250m_16_days_NDVI,aid0001,2017-09-22,44036.0,-0.1998,0.9892,"(-0.1998,0.9892)",0.4826084,0.2758405,0.076088,0.697,0.9892,0.5811,-0.1998,0.333775
MYD13Q1_006__250m_16_days_NDVI_doy2017281_aid0001,_250m_16_days_NDVI,aid0001,2017-10-08,40110.0,-0.2,0.8973,"(-0.2,0.8973)",0.5745592,0.2609486,0.0680942,0.7736,0.8973,0.67665,-0.0368,0.449325
MYD13Q1_006__250m_16_days_NDVI_doy2017297_aid0001,_250m_16_days_NDVI,aid0001,2017-10-24,37816.0,-0.1994,0.8945,"(-0.1994,0.8945)",0.6073154,0.2514105,0.0632072,0.7837,0.8945,0.7141,0.1272,0.5211
MYD13Q1_006__250m_16_days_NDVI_doy2017313_aid0001,_250m_16_days_NDVI,aid0001,2017-11-09,37181.0,-0.2,0.9248,"(-0.2,0.9248)",0.6125724,0.2464536,0.0607394,0.7766,0.9248,0.7184,0.1986,0.5454
MYD13Q1_006__250m_16_days_NDVI_doy2017329_aid0001,_250m_16_days_NDVI,aid0001,2017-11-25,37540.0,-0.2,0.9092,"(-0.2,0.9092)",0.6231827,0.2417589,0.0584474,0.7818,0.9092,0.7265,0.2296,0.5609
MYD13Q1_006__250m_16_days_NDVI_doy2017345_aid0001,_250m_16_days_NDVI,aid0001,2017-12-11,38175.0,-0.2,0.91,"(-0.2,0.91)",0.6138944,0.2476152,0.0613133,0.7825,0.91,0.7191,0.1617,0.5341
MYD13Q1_006__250m_16_days_NDVI_doy2017361_aid0001,_250m_16_days_NDVI,aid0001,2017-12-27,37432.0,-0.2,0.9241,"(-0.2,0.9241)",0.6372654,0.2392387,0.0572351,0.7926,0.9241,0.7418,0.2507,0.5758
MYD13Q1_006__250m_16_days_NDVI_doy2018009_aid0001,_250m_16_days_NDVI,aid0001,2018-01-09,37733.0,-0.2,0.9063,"(-0.2,0.9063)",0.6148747,0.2541649,0.0645998,0.7845,0.9063,0.7273,0.1793,0.5424
MYD13Q1_006__250m_16_days_NDVI_doy2018025_aid0001,_250m_16_days_NDVI,aid0001,2018-01-25,37953.0,-0.2,0.8859,"(-0.2,0.8859)",0.630452,0.221641,0.0491247,0.7655,0.8859,0.723,0.3415,0.5959
MYD13Q1_006__250m_16_days_NDVI_doy2018041_aid0001,_250m_16_days_NDVI,aid0001,2018-02-10,38254.0,-0.2,0.8792,"(-0.2,0.8792)",0.6298358,0.2069953,0.0428471,0.7472,0.8792,0.7109,0.4112,0.6128
MYD13Q1_006__250m_16_days_NDVI_doy2018057_aid0001,_250m_16_days_NDVI,aid0001,2018-02-26,38173.0,-0.2,0.8824,"(-0.2,0.8824)",0.6316604,0.2162276,0.0467544,0.7582,0.8824,0.7187,0.3827,0.608
MYD13Q1_006__250m_16_days_NDVI_doy2018073_aid0001,_250m_16_days_NDVI,aid0001,2018-03-14,37170.0,-0.1998,0.8694,"(-0.1998,0.8694)",0.5920538,0.2254934,0.0508473,0.7327,0.8694,0.6842,0.2756,0.5498
MYD13Q1_006__250m_16_days_NDVI_doy2018089_aid0001,_250m_16_days_NDVI,aid0001,2018-03-30,37930.0,-0.2,0.875,"(-0.2,0.875)",0.580449,0.2381176,0.0567,0.736,0.875,0.6806,0.1905,0.5177
MYD13Q1_006__250m_16_days_NDVI_doy2018105_aid0001,_250m_16_days_NDVI,aid0001,2018-04-15,37603.0,-0.2,0.9322,"(-0.2,0.9322)",0.6143587,0.2455688,0.060304,0.766,0.9322,0.7207,0.2876,0.57445
MYD13Q1_006__250m_16_days_NDVI_doy2018121_aid0001,_250m_16_days_NDVI,aid0001,2018-05-01,43542.0,-0.2,0.8548,"(-0.2,0.8548)",0.4974107,0.3020831,0.0912542,0.7364,0.8548,0.6453,-0.2,0.257725
MYD13Q1_006__250m_16_days_NDVI_doy2018137_aid0001,_250m_16_days_NDVI,aid0001,2018-05-17,36507.0,-0.2,0.8583,"(-0.2,0.8583)",0.5535672,0.2400553,0.0576265,0.7172,0.8583,0.6493,0.1245,0.4801
MYD13Q1_006__250m_16_days_NDVI_doy2018153_aid0001,_250m_16_days_NDVI,aid0001,2018-06-02,36751.0,-0.2,0.8523,"(-0.2,0.8523)",0.5184244,0.2168988,0.0470451,0.6665,0.8523,0.5986,0.1094,0.44365
MYD13Q1_006__250m_16_days_NDVI_doy2018169_aid0001,_250m_16_days_NDVI,aid0001,2018-06-18,38879.0,-0.2,0.8286,"(-0.2,0.8286)",0.4089566,0.208024,0.043274,0.5661,0.8286,0.4696,-0.0906,0.3034
MYD13Q1_006__250m_16_days_NDVI_doy2018185_aid0001,_250m_16_days_NDVI,aid0001,2018-07-04,41478.0,-0.1995,0.7872,"(-0.1995,0.7872)",0.3473868,0.2080874,0.0433003,0.5135,0.7872,0.3901,-0.1995,0.215025
MYD13Q1_006__250m_16_days_NDVI_doy2018201_aid0001,_250m_16_days_NDVI,aid0001,2018-07-20,40799.0,-0.2,0.8553,"(-0.2,0.8553)",0.3794927,0.1829084,0.0334555,0.5225,0.8553,0.4068,-0.1168,0.2666
MYD13Q1_006__250m_16_days_NDVI_doy2018217_aid0001,_250m_16_days_NDVI,aid0001,2018-08-05,40844.0,-0.2,0.8729,"(-0.2,0.8729)",0.3537162,0.1833627,0.0336219,0.4924,0.8494,0.3821,-0.1134,0.250075
MYD13Q1_006__250m_16_days_NDVI_doy2018233_aid0001,_250m_16_days_NDVI,aid0001,2018-08-21,40669.0,-0.2,0.8714,"(-0.2,0.8714)",0.3676019,0.1748998,0.0305899,0.4983,0.8393,0.3912,-0.0707,0.2707
MYD13Q1_006__250m_16_days_NDVI_doy2018249_aid0001,_250m_16_days_NDVI,aid0001,2018-09-06,41680.0,-0.1995,0.8768,"(-0.1995,0.8768)",0.4357785,0.1895079,0.0359133,0.5761,0.8768,0.4755,-0.0104,0.3415
MYD13Q1_006__250m_16_days_NDVI_doy2018265_aid0001,_250m_16_days_NDVI,aid0001,2018-09-22,41993.0,-0.2,0.8914,"(-0.2,0.8914)",0.5214569,0.2308589,0.0532959,0.6876,0.8914,0.5928,0.0356,0.4267
MYD13Q1_006__250m_16_days_NDVI_doy2018281_aid0001,_250m_16_days_NDVI,aid0001,2018-10-08,41071.0,-0.2,0.8971,"(-0.2,0.8971)",0.5663942,0.2264145,0.0512635,0.7247,0.8971,0.6396,0.1333,0.4881
MYD13Q1_006__250m_16_days_NDVI_doy2018297_aid0001,_250m_16_days_NDVI,aid0001,2018-10-24,39935.0,-0.2,0.8912,"(-0.2,0.8912)",0.6130431,0.2424802,0.0587966,0.7712,0.8912,0.7126,0.235,0.5567
MYD13Q1_006__250m_16_days_NDVI_doy2018313_aid0001,_250m_16_days_NDVI,aid0001,2018-11-09,40241.0,-0.2,0.8988,"(-0.2,0.8988)",0.5348683,0.2633825,0.0693703,0.7246,0.8988,0.6288,-0.0329,0.4216
MYD13Q1_006__250m_16_days_NDVI_doy2018329_aid0001,_250m_16_days_NDVI,aid0001,2018-11-25,40011.0,-0.2,0.8975,"(-0.2,0.8975)",0.6051143,0.244396,0.0597294,0.7528,0.8975,0.7002,0.3108,0.576
MYD13Q1_006__250m_16_days_NDVI_doy2018345_aid0001,_250m_16_days_NDVI,aid0001,2018-12-11,39558.0,-0.2,0.9704,"(-0.2,0.9704)",0.6494501,0.2173156,0.0472261,0.7707,0.921,0.7291,0.4397,0.6382
MYD13Q1_006__250m_16_days_NDVI_doy2018361_aid0001,_250m_16_days_NDVI,aid0001,2018-12-27,39121.0,-0.2,0.9193,"(-0.2,0.9193)",0.6637222,0.2076189,0.0431056,0.778,0.9193,0.7411,0.4805,0.659
MYD13Q1_006__250m_16_days_NDVI_doy2019009_aid0001,_250m_16_days_NDVI,aid0001,2019-01-09,39434.0,-0.2,0.9715,"(-0.2,0.9715)",0.6331667,0.2191033,0.0480062,0.7607,0.9715,0.7211,0.387,0.6112
MYD13Q1_006__250m_16_days_NDVI_doy2019025_aid0001,_250m_16_days_NDVI,aid0001,2019-01-25,40913.0,-0.2,0.9233,"(-0.2,0.9233)",0.5698234,0.2672468,0.0714209,0.7447,0.9233,0.6867,0.1566,0.5094
MYD13Q1_006__250m_16_days_NDVI_doy2019041_aid0001,_250m_16_days_NDVI,aid0001,2019-02-10,40798.0,-0.2,0.9273,"(-0.2,0.9273)",0.6006429,0.2747853,0.0755069,0.7664,0.9273,0.7194,0.2988,0.579325
MYD13Q1_006__250m_16_days_NDVI_doy2019057_aid0001,_250m_16_days_NDVI,aid0001,2019-02-26,39596.0,-0.2,0.8969,"(-0.2,0.8969)",0.5851739,0.2525369,0.0637749,0.7469,0.8969,0.6901,0.2292,0.5398
MYD13Q1_006__250m_16_days_NDVI_doy2019073_aid0001,_250m_16_days_NDVI,aid0001,2019-03-14,37766.0,-0.2,0.9381,"(-0.2,0.9381)",0.5881262,0.2169943,0.0470865,0.7259,0.9381,0.6699,0.2667,0.5422
MYD13Q1_006__250m_16_days_NDVI_doy2019089_aid0001,_250m_16_days_NDVI,aid0001,2019-03-30,39028.0,-0.2,0.8935,"(-0.2,0.8935)",0.5629261,0.2428392,0.0589709,0.7259,0.8935,0.6627,0.1469,0.4943
MYD13Q1_006__250m_16_days_NDVI_doy2019105_aid0001,_250m_16_days_NDVI,aid0001,2019-04-15,37722.0,-0.2,0.8962,"(-0.2,0.8962)",0.5579019,0.2365482,0.055955,0.7236,0.8962,0.651,0.0926,0.4712
MYD13Q1_006__250m_16_days_NDVI_doy2019121_aid0001,_250m_16_days_NDVI,aid0001,2019-05-01,37484.0,-0.2,0.8719,"(-0.2,0.8719)",0.5881551,0.2201118,0.0484492,0.7322,0.8719,0.6735,0.2281,0.5305
MYD13Q1_006__250m_16_days_NDVI_doy2019137_aid0001,_250m_16_days_NDVI,aid0001,2019-05-17,40298.0,-0.2,0.8673,"(-0.2,0.8673)",0.5305607,0.2554419,0.0652505,0.7082,0.8673,0.63825,0.0557,0.4471
MYD13Q1_006__250m_16_days_NDVI_doy2019153_aid0001,_250m_16_days_NDVI,aid0001,2019-06-02,43901.0,-0.2,0.9818,"(-0.2,0.9818)",0.4878783,0.2806471,0.0787628,0.7035,0.9818,0.6189,-0.2,0.3099
MYD13Q1_006__250m_16_days_NDVI_doy2019169_aid0001,_250m_16_days_NDVI,aid0001,2019-06-18,37343.0,-0.2,0.8658,"(-0.2,0.8658)",0.5110665,0.2488925,0.0619475,0.6901,0.8658,0.6078,-0.0045,0.4122
MYD13Q1_006__250m_16_days_NDVI_doy2019185_aid0001,_250m_16_days_NDVI,aid0001,2019-07-04,34885.0,-0.2,0.8491,"(-0.2,0.8491)",0.4494347,0.2397176,0.0574645,0.6408,0.8491,0.5275,-0.1949,0.3064
MYD13Q1_006__250m_16_days_NDVI_doy2019201_aid0001,_250m_16_days_NDVI,aid0001,2019-07-20,39058.0,-0.2,0.8243,"(-0.2,0.8243)",0.4093447,0.2519041,0.0634557,0.6123,0.8243,0.4946,-0.2,0.2597
MYD13Q1_006__250m_16_days_NDVI_doy2019217_aid0001,_250m_16_days_NDVI,aid0001,2019-08-05,39152.0,-0.2,0.8272,"(-0.2,0.8272)",0.3591364,0.2166712,0.0469464,0.5339,0.8272,0.4058,-0.2,0.222575
MYD13Q1_006__250m_16_days_NDVI_doy2019233_aid0001,_250m_16_days_NDVI,aid0001,2019-08-21,41495.0,-0.2,0.8718,"(-0.2,0.8718)",0.3728601,0.1895546,0.0359309,0.51955,0.8718,0.409,-0.1253,0.2616
MYD13Q1_006__250m_16_days_NDVI_doy2019249_aid0001,_250m_16_days_NDVI,aid0001,2019-09-06,41013.0,-0.2,0.8438,"(-0.2,0.8438)",0.4092465,0.1908618,0.0364282,0.5486,0.8438,0.4564,-0.0316,0.3165
MYD13Q1_006__250m_16_days_NDVI_doy2019265_aid0001,_250m_16_days_NDVI,aid0001,2019-09-22,42132.0,-0.1991,0.8662,"(-0.1991,0.8662)",0.4970629,0.1844741,0.0340307,0.6265,0.8662,0.5531,0.1205,0.4241
MYD13Q1_006__250m_16_days_NDVI_doy2019281_aid0001,_250m_16_days_NDVI,aid0001,2019-10-08,43110.0,-0.1994,0.9711,"(-0.1994,0.9711)",0.5880865,0.2302233,0.0530028,0.7507,0.9711,0.6695,0.1382,0.5057
MYD13Q1_006__250m_16_days_NDVI_doy2019297_aid0001,_250m_16_days_NDVI,aid0001,2019-10-24,42602.0,-0.1993,0.8997,"(-0.1993,0.8997)",0.6777019,0.2113406,0.0446648,0.802,0.8997,0.7651,0.4226,0.650225
MYD13Q1_006__250m_16_days_NDVI_doy2019313_aid0001,_250m_16_days_NDVI,aid0001,2019-11-09,44590.0,-0.2,0.9178,"(-0.2,0.9178)",0.6553277,0.2788555,0.0777604,0.8285,0.9178,0.78235,0.2915,0.6137
MYD13Q1_006__250m_16_days_NDVI_doy2019329_aid0001,_250m_16_days_NDVI,aid0001,2019-11-25,44279.0,-0.2,0.9785,"(-0.2,0.9785)",0.6698147,0.2579994,0.0665637,0.8288,0.9785,0.7805,0.3313,0.6298
MYD13Q1_006__250m_16_days_NDVI_doy2019345_aid0001,_250m_16_days_NDVI,aid0001,2019-12-11,44774.0,-0.2,0.9176,"(-0.2,0.9176)",0.6320683,0.2717536,0.07385,0.805,0.9176,0.7503,0.2511,0.583425
MYD13Q1_006__250m_16_days_NDVI_doy2019361_aid0001,_250m_16_days_NDVI,aid0001,2019-12-27,42909.0,-0.2,0.9101,"(-0.2,0.9101)",0.6913278,0.2283704,0.052153,0.8187,0.9101,0.784,0.4841,0.6848
MYD13Q1_006__250m_16_days_NDVI_doy2020009_aid0001,_250m_16_days_NDVI,aid0001,2020-01-09,45327.0,-0.2,0.9722,"(-0.2,0.9722)",0.6439707,0.2866042,0.082142,0.8201,0.9722,0.775,0.2918,0.6086
MYD13Q1_006__250m_16_days_NDVI_doy2020025_aid0001,_250m_16_days_NDVI,aid0001,2020-01-25,43907.0,-0.2,0.9186,"(-0.2,0.9186)",0.6441553,0.2666142,0.0710831,0.7995,0.9186,0.7551,0.3718,0.6284
MYD13Q1_006__250m_16_days_NDVI_doy2020041_aid0001,_250m_16_days_NDVI,aid0001,2020-02-10,42174.0,-0.2,0.8951,"(-0.2,0.8951)",0.6544044,0.2151069,0.046271,0.775175,0.8951,0.7349,0.4413,0.641625
MYD13Q1_006__250m_16_days_NDVI_doy2020057_aid0001,_250m_16_days_NDVI,aid0001,2020-02-26,42755.0,-0.2,0.8873,"(-0.2,0.8873)",0.6130577,0.223613,0.0500028,0.7386,0.8873,0.6944,0.3899,0.5991
MYD13Q1_006__250m_16_days_NDVI_doy2020073_aid0001,_250m_16_days_NDVI,aid0001,2020-03-13,42924.0,-0.1998,0.9746,"(-0.1998,0.9746)",0.6222513,0.2214102,0.0490225,0.749,0.9592,0.7039,0.3915,0.606
MYD13Q1_006__250m_16_days_NDVI_doy2020089_aid0001,_250m_16_days_NDVI,aid0001,2020-03-29,44115.0,-0.1998,0.8668,"(-0.1998,0.8668)",0.6229874,0.2351852,0.0553121,0.7655,0.8668,0.7205,0.342,0.5961
MYD13Q1_006__250m_16_days_NDVI_doy2020105_aid0001,_250m_16_days_NDVI,aid0001,2020-04-14,45837.0,-0.2,0.9434,"(-0.2,0.9434)",0.5405019,0.2439306,0.0595022,0.696,0.9434,0.6414,0.184,0.4912
MYD13Q1_006__250m_16_days_NDVI_doy2020121_aid0001,_250m_16_days_NDVI,aid0001,2020-04-30,44596.0,-0.1996,0.9054,"(-0.1996,0.9054)",0.5657599,0.2081496,0.0433262,0.6936,0.9054,0.6442,0.2799,0.5281
MYD13Q1_006__250m_16_days_NDVI_doy2020137_aid0001,_250m_16_days_NDVI,aid0001,2020-05-16,43732.0,-0.1998,0.9285,"(-0.1998,0.9285)",0.5321851,0.1765513,0.0311704,0.6378,0.8491,0.5871,0.2786,0.4941
MYD13Q1_006__250m_16_days_NDVI_doy2020153_aid0001,_250m_16_days_NDVI,aid0001,2020-06-01,42765.0,-0.2,0.8353,"(-0.2,0.8353)",0.4621418,0.15377,0.0236452,0.554,0.7679,0.4924,0.1972,0.4111
MYD13Q1_006__250m_16_days_NDVI_doy2020169_aid0001,_250m_16_days_NDVI,aid0001,2020-06-17,44329.0,-0.1998,0.756,"(-0.1998,0.756)",0.3658601,0.1513689,0.0229125,0.452,0.6448,0.392,0.1307,0.3233
MYD13Q1_006__250m_16_days_NDVI_doy2020185_aid0001,_250m_16_days_NDVI,aid0001,2020-07-03,43228.0,-0.2,0.8044,"(-0.2,0.8044)",0.3782901,0.1296276,0.0168033,0.4548,0.6468,0.394,0.1348,0.326775
MYD13Q1_006__250m_16_days_NDVI_doy2020201_aid0001,_250m_16_days_NDVI,aid0001,2020-07-19,42834.0,-0.1995,0.7515,"(-0.1995,0.7515)",0.3153655,0.113851,0.0129621,0.3771,0.5154,0.3347,0.1466,0.2849
